
DROP TABLE IF EXISTS `tbl_roles`;
/*!40101 SET @saved_cs_client     = @@character_set_client */;
/*!50503 SET character_set_client = utf8mb4 */;
CREATE TABLE `tbl_roles` (
  `id` int NOT NULL AUTO_INCREMENT,
  `name` varchar(45) CHARACTER SET utf8mb4 COLLATE utf8mb4_bin NOT NULL,
  `description` varchar(45) CHARACTER SET utf8mb4 COLLATE utf8mb4_bin NOT NULL,
  `created_date` datetime DEFAULT CURRENT_TIMESTAMP,
  `updated_date` datetime DEFAULT CURRENT_TIMESTAMP,
  `created_by` int DEFAULT NULL,
  `updated_by` int DEFAULT NULL,
  `status` tinyint(1) DEFAULT '1',
  PRIMARY KEY (`id`)
) ENGINE=InnoDB AUTO_INCREMENT=10 DEFAULT CHARSET=utf8mb4 COLLATE=utf8mb4_bin COMMENT='Bảng dữ liệu chứa thông tin roles';
/*!40101 SET character_set_client = @saved_cs_client */;
INSERT INTO `tbl_roles` VALUES (7,'ADMIN','Administrator of shop',NULL,NULL,NULL,NULL,1),(8,'GUEST','Guest visit shop',NULL,NULL,NULL,NULL,1),(9,'EDITOR','<p>editor</p>','2021-03-29 20:20:29',NULL,NULL,NULL,0);

DROP TABLE IF EXISTS `tbl_users`;
/*!40101 SET @saved_cs_client     = @@character_set_client */;
/*!50503 SET character_set_client = utf8mb4 */;
CREATE TABLE `tbl_users` (
  `id` int NOT NULL AUTO_INCREMENT,
  `username` varchar(45) CHARACTER SET utf8mb4 COLLATE utf8mb4_bin NOT NULL,
  `password` varchar(100) CHARACTER SET utf8mb4 COLLATE utf8mb4_bin NOT NULL,
  `email` varchar(45) CHARACTER SET utf8mb4 COLLATE utf8mb4_bin DEFAULT NULL,
  `created_date` datetime DEFAULT CURRENT_TIMESTAMP,
  `updated_date` datetime DEFAULT CURRENT_TIMESTAMP,
  `created_by` int DEFAULT NULL,
  `updated_by` int DEFAULT NULL,
  `status` tinyint(1) DEFAULT '1',
  `full_name` varchar(100) COLLATE utf8mb4_bin NOT NULL,
  `address` varchar(200) COLLATE utf8mb4_bin DEFAULT NULL,
  `phone` varchar(10) COLLATE utf8mb4_bin DEFAULT NULL,
  `avatar` varchar(200) COLLATE utf8mb4_bin DEFAULT NULL,
  PRIMARY KEY (`id`),
  UNIQUE KEY `username_UNIQUE` (`username`),
  UNIQUE KEY `email_UNIQUE` (`email`)
) ENGINE=InnoDB AUTO_INCREMENT=27 DEFAULT CHARSET=utf8mb4 COLLATE=utf8mb4_bin COMMENT='Bảng dữ liệu chứa thông tin người dùng';
/*!40101 SET character_set_client = @saved_cs_client */;
INSERT INTO `tbl_users` VALUES (7,'guest','$2a$08$L.03fm/tpKoXvxlkpoqfdOUmUHu.Kdc8ucOJwRvyw2OKvR0u5rX3u','guest@abc.com',NULL,NULL,NULL,NULL,0,'',NULL,NULL,'user/avatar/ava.jpg'),(8,'admin','$2a$04$LdTMpn6dYDsjDADvW1Ig7.pMUEWitlpN3frpzPvwq32yArFYURLU2','amdin@abc.com','2021-03-20 21:39:00','2021-04-06 06:32:44',NULL,NULL,1,'Steve Dương','Nhổn, Minh Khai, Từ Liêm, Hà Nội','0961010169','user/avatar/admin_dadx.jpg'),(9,'user','$2a$04$nlc5DJpFx5kk7af.BOhwwe8TyzxiBf5gcj0uXZ5b4Ad2RVh1nLBEy','xuandapa@gmail.com','2021-03-20 21:39:49',NULL,NULL,NULL,1,'Dương Xuân Đà','A12A Khu tập thể học viện Nguyễn Ái Quốc','0961010169','user/avatar/ava.jpg'),(12,'duong-xuan-a1','$2a$04$1gVHkn5NUzKREdoP/m3huuCbVsqgCxkUrt7Gst.HyoicxXk.Ry35.','demo2021@gmail.com','2021-04-08 11:45:44','2021-04-29 10:45:37',NULL,NULL,1,'Dương Xuân Đà','Ha Noi','1693719775','user/avatar/ava.jpg'),(14,'duong-xuan-a','$2a$04$xLJmxXzd50WACP4y0EKlsug3TzGxQQKbyWTTJngP4z1ecohBX3owC','xuandapa2@gmail.com','2021-04-08 12:46:01','2021-04-29 10:57:54',NULL,NULL,1,'Dương Xuân Đà','Ha Noi','1693719775','user/avatar/ava.jpg'),(22,'luubi','$2a$04$0gyQRzlWWaIzkQUj61h7mOo.sKU7xbJqB5ujuBVUCr0jhOyKIhU8e','luubi@gmail.com',NULL,'2021-04-29 10:23:09',NULL,NULL,0,'Lưu Bị','Hán Trung','0111111112','user/avatar/ava.jpg'),(23,'hoangtrung3q','$2a$04$YZu/jewj.VCOXnXzJDBBVO5V7eTYDQk62ELbJKZudmGv2jLofFeOO','hoangtrung@gmail.com','2021-05-06 12:14:27',NULL,NULL,NULL,1,'Hoàng Trung',NULL,NULL,'user/avatar/ava.jpg'),(24,'trieuvan3q','$2a$04$.UCsabAr3EIDhPp4GICVCOXvt9BtwurdPzyTGqs5HL9G1M28yu0RG','trieuvan@gmail.com','2021-05-06 12:18:10',NULL,NULL,NULL,1,'Triệu Vân',NULL,NULL,'user/avatar/ava.jpg');

DROP TABLE IF EXISTS `tbl_users_roles`;
/*!40101 SET @saved_cs_client     = @@character_set_client */;
/*!50503 SET character_set_client = utf8mb4 */;
CREATE TABLE `tbl_users_roles` (
  `user_id` int NOT NULL,
  `role_id` int NOT NULL,
  PRIMARY KEY (`user_id`,`role_id`),
  KEY `fk_roles_idx` (`role_id`),
  CONSTRAINT `fk_roles` FOREIGN KEY (`role_id`) REFERENCES `tbl_roles` (`id`),
  CONSTRAINT `fk_users` FOREIGN KEY (`user_id`) REFERENCES `tbl_users` (`id`)
) ENGINE=InnoDB DEFAULT CHARSET=utf8mb4 COLLATE=utf8mb4_bin COMMENT='bảng trung gian thể hiện quan hệ n-n của users và roles';
/*!40101 SET character_set_client = @saved_cs_client */;
INSERT INTO `tbl_users_roles` VALUES (8,7),(7,8),(9,8),(23,8),(24,8);

DROP TABLE IF EXISTS `tbl_category`;
/*!40101 SET @saved_cs_client     = @@character_set_client */;
/*!50503 SET character_set_client = utf8mb4 */;
CREATE TABLE `tbl_category` (
  `id` int NOT NULL AUTO_INCREMENT,
  `name` varchar(45) CHARACTER SET utf8 COLLATE utf8_general_ci NOT NULL,
  `description` varchar(1000) CHARACTER SET utf8mb4 COLLATE utf8mb4_bin NOT NULL,
  `created_date` datetime DEFAULT CURRENT_TIMESTAMP,
  `updated_date` datetime DEFAULT CURRENT_TIMESTAMP,
  `created_by` int DEFAULT NULL,
  `updated_by` int DEFAULT NULL,
  `parent_id` int DEFAULT NULL,
  `status` tinyint(1) DEFAULT '1',
  `seo` varchar(45) CHARACTER SET utf8mb4 COLLATE utf8mb4_bin DEFAULT NULL,
  PRIMARY KEY (`id`),
  KEY `fk_internal_idx` (`parent_id`),
  CONSTRAINT `fk_internal` FOREIGN KEY (`parent_id`) REFERENCES `tbl_category` (`id`)
) ENGINE=InnoDB AUTO_INCREMENT=30 DEFAULT CHARSET=utf8mb4 COLLATE=utf8mb4_bin COMMENT='Bảng dữ liệu chứa danh mục sản phẩm';
/*!40101 SET character_set_client = @saved_cs_client */;
INSERT INTO `tbl_category` VALUES (17,'Túi đeo chéo da','Túi đeo chéo da','2020-12-19 14:51:51',NULL,8,NULL,NULL,1,'tui-deo-cheo-da'),(18,'Ba lô da','Ba lô da là sản phẩm chiến lược của wada shop','2020-12-22 14:51:51','2021-04-08 08:59:58',8,8,NULL,1,'ba-lo-da'),(19,'Cặp da công sở','Cặp da công sở','2020-12-21 14:51:00',NULL,8,NULL,NULL,1,'cap-da-cong-so'),(20,'Ví da','Ví da','2020-12-23 14:51:51',NULL,8,NULL,NULL,1,'vi-da'),(23,'Dây da đồng hồ','<p>Dây da đồng hồ<br></p>','2020-12-21 14:51:51',NULL,8,NULL,NULL,1,'day-da-dong-ho'),(28,'Demo cat 1','<p>d</p>','2020-12-20 20:15:49',NULL,8,NULL,NULL,0,'demo-cat-1'),(29,'Thắt lưng da','<p>Thắt lưng da</p>','2021-04-08 09:01:10',NULL,8,NULL,NULL,1,'that-lung-da');

DROP TABLE IF EXISTS `tbl_contact`;
/*!40101 SET @saved_cs_client     = @@character_set_client */;
/*!50503 SET character_set_client = utf8mb4 */;
CREATE TABLE `tbl_contact` (
  `id` int NOT NULL AUTO_INCREMENT,
  `full_name` varchar(200) CHARACTER SET utf8 COLLATE utf8_general_ci NOT NULL,
  `email` varchar(45) CHARACTER SET utf8mb4 COLLATE utf8mb4_bin NOT NULL,
  `request_type` varchar(45) CHARACTER SET utf8mb4 COLLATE utf8mb4_bin NOT NULL,
  `message` varchar(1000) CHARACTER SET utf8mb4 COLLATE utf8mb4_bin NOT NULL,
  `created_date` datetime DEFAULT CURRENT_TIMESTAMP,
  `updated_date` datetime DEFAULT CURRENT_TIMESTAMP,
  `created_by` int DEFAULT NULL,
  `updated_by` int DEFAULT NULL,
  `status` tinyint(1) DEFAULT '1',
  PRIMARY KEY (`id`)
) ENGINE=InnoDB AUTO_INCREMENT=11 DEFAULT CHARSET=utf8mb4 COLLATE=utf8mb4_bin COMMENT='Bảng dữ liệu chứa thông tin liên hệ';
/*!40101 SET character_set_client = @saved_cs_client */;
INSERT INTO `tbl_contact` VALUES (4,'Dương Xuân Hương','xuandapa@gmail.com','CONTACT','Tôi muốn hỏi về chính sách bảo hành.','2021-04-07 10:06:43','2021-04-07 10:06:43',NULL,NULL,1),(5,'Dương Xuân Đà','xuandapa@gmail.com','CONTACT','Tôi muốn mua trực tiếp tại shop?','2021-04-07 10:09:05','2021-04-07 10:09:05',NULL,NULL,1),(6,'Dương Thanh Phong','dadx.jsoft@gmail.com','CONTACT','Khi nào có dây cá sấu về shop ạ?','2021-04-07 10:10:25','2021-04-07 10:10:25',NULL,NULL,1),(7,'Đinh Thế Nghĩa','dinhnghia1410dt@gmail.com','CONTACT','Tôi muốn mua giá sỉ?','2021-04-07 10:16:07','2021-04-07 10:16:07',NULL,NULL,1);

DROP TABLE IF EXISTS `tbl_products`;
/*!40101 SET @saved_cs_client     = @@character_set_client */;
/*!50503 SET character_set_client = utf8mb4 */;
CREATE TABLE `tbl_products` (
  `id` int NOT NULL AUTO_INCREMENT,
  `title` varchar(1000) CHARACTER SET utf8mb4 COLLATE utf8mb4_bin NOT NULL,
  `price` decimal(13,2) DEFAULT NULL,
  `price_sale` decimal(13,2) DEFAULT NULL,
  `short_description` varchar(5000) CHARACTER SET utf8mb4 COLLATE utf8mb4_bin DEFAULT NULL,
  `detail_description` longtext CHARACTER SET utf8mb4 COLLATE utf8mb4_bin,
  `avatar` varchar(200) CHARACTER SET utf8mb4 COLLATE utf8mb4_bin DEFAULT NULL,
  `category_id` int DEFAULT NULL,
  `created_date` datetime DEFAULT CURRENT_TIMESTAMP,
  `updated_date` datetime DEFAULT CURRENT_TIMESTAMP,
  `created_by` int DEFAULT NULL,
  `updated_by` int DEFAULT NULL,
  `status` tinyint(1) DEFAULT '1',
  `seo` varchar(1000) CHARACTER SET utf8mb4 COLLATE utf8mb4_bin DEFAULT NULL,
  `color` varchar(50) COLLATE utf8mb4_bin DEFAULT NULL,
  `material` varchar(100) COLLATE utf8mb4_bin DEFAULT NULL,
  `quantity` int DEFAULT NULL,
  PRIMARY KEY (`id`),
  KEY `fk_category_products_idx` (`category_id`),
  CONSTRAINT `fk_category_products` FOREIGN KEY (`category_id`) REFERENCES `tbl_category` (`id`) ON DELETE RESTRICT
) ENGINE=InnoDB AUTO_INCREMENT=80 DEFAULT CHARSET=utf8mb4 COLLATE=utf8mb4_bin COMMENT='Bảng dữ liệu chứa danh mục sản phẩm';
/*!40101 SET character_set_client = @saved_cs_client */;
INSERT INTO `tbl_products` VALUES (58,'Túi Đeo Chéo Da Nam Lata BALC27D',420000.00,NULL,'','<div class=\"panel-heading\" role=\"tab\" id=\"heading-product-description\" style=\"margin: 0px; padding: 15px; font-family: SVN_Gotham, sans-serif; border: 0px; border-top-left-radius: 3px; border-top-right-radius: 3px; color: rgb(51, 51, 51); background-color: rgb(255, 255, 255); font-size: 14px;\"><h4 class=\"panel-title\" style=\"margin-right: -15px; margin-bottom: 0px; margin-left: -15px; padding: 0px; font-family: inherit; line-height: 18px; color: inherit; font-size: 13px;\"><a class=\"text-uppercase\" role=\"button\" data-toggle=\"collapse\" data-parent=\"#accordion\" href=\"https://latashop.com/products/tui-deo-cheo-da-nam-lata-balc27d-mau-den#product-description\" aria-expanded=\"false\" aria-controls=\"product-description\" style=\"margin: 0px; padding: 0px; color: inherit; outline: none; transition: opacity 150ms linear 0s, color 150ms linear 0s, background 150ms linear 0s; line-height: 1.1; position: relative; display: block;\">MÔ TẢ SẢN PHẨM</a></h4></div><div id=\"product-description\" class=\"panel-collapse collapse in\" role=\"tabpanel\" aria-labelledby=\"heading-product-description\" style=\"margin: 0px; padding: 0px; font-family: SVN_Gotham, sans-serif; display: block; visibility: visible; color: rgb(37, 42, 43); font-size: 14px;\"><div class=\"panel-body\" style=\"margin: 0px; padding: 0px; border: 0px;\"><div class=\"description-content\" style=\"margin: 0px; padding: 0px; background: rgb(245, 245, 245);\"><div class=\"description-productdetail\" style=\"margin: 0px; padding: 0px; background: rgb(255, 255, 255); font-size: 13px;\"><div id=\"ega-uti-editable-content\" data-platform=\"haravan\" data-id=\"1030619366\" style=\"margin: 0px; padding: 0px;\"><p style=\"margin-right: 0px; margin-bottom: 10px; margin-left: 0px; padding: 0px; line-height: 21px;\"><span style=\"margin: 0px; padding: 0px; font-weight: 700;\"><a href=\"https://latashop.com/collections/tui-deo-cheo-da-nam\" style=\"margin: 0px; padding: 0px; color: rgb(37, 42, 43); outline: none; transition: opacity 150ms linear 0s, color 150ms linear 0s, background 150ms linear 0s;\">Túi đeo chéo da nam Lata</a></span>&nbsp;BALC27 với kiểu dáng trẻ trung, thích hợp cho các bạn thời hiện đại. Với 4 gam màu trung tính bạn có thể lựa chọn. Bò đậm thanh lịch, bò nhạt trẻ trung, nâu mạnh mẽ và đen cá tính.</p><p style=\"margin-right: 0px; margin-bottom: 10px; margin-left: 0px; padding: 0px; line-height: 21px;\">THÔNG TIN KỸ THUẬT</p><hr style=\"margin: 0px 0px 10px; padding: 0px; width: 570px; border-top-color: rgb(174, 176, 176);\"><p style=\"margin-right: 0px; margin-bottom: 10px; margin-left: 0px; padding: 0px; line-height: 21px;\"><span style=\"margin: 0px; padding: 0px; font-weight: 700;\">Kích thước</span>: Dài 26cm x rộng 6,5cm x cao 12cm</p><hr style=\"margin: 0px 0px 10px; padding: 0px; width: 570px; border-top-color: rgb(174, 176, 176);\"><p style=\"margin-right: 0px; margin-bottom: 10px; margin-left: 0px; padding: 0px; line-height: 21px;\"><span style=\"margin: 0px; padding: 0px; font-weight: 700;\">Số ngăn</span>: 5 ngăn ( 1 ngăn chính, 4 ngăn phụ )</p><hr style=\"margin: 0px 0px 10px; padding: 0px; width: 570px; border-top-color: rgb(174, 176, 176);\"><p style=\"margin-right: 0px; margin-bottom: 10px; margin-left: 0px; padding: 0px; line-height: 21px;\"><span style=\"margin: 0px; padding: 0px; font-weight: 700;\">Công dụng</span>&nbsp;:Đựng vừa sổ tay, điện thoại Iphone 11 ProMax, ví tiền, cáp sạc</p><hr style=\"margin: 0px 0px 10px; padding: 0px; width: 570px; border-top-color: rgb(174, 176, 176);\"><p style=\"margin-right: 0px; margin-bottom: 10px; margin-left: 0px; padding: 0px; line-height: 21px;\"><span style=\"margin: 0px; padding: 0px; font-weight: 700;\">Trọng lượng</span>&nbsp;: 298 grams</p><hr style=\"margin: 0px 0px 10px; padding: 0px; width: 570px; border-top-color: rgb(174, 176, 176);\"><p style=\"margin-right: 0px; margin-bottom: 10px; margin-left: 0px; padding: 0px; line-height: 21px;\"><span style=\"margin: 0px; padding: 0px; font-weight: 700;\">Chất liệu:</span>&nbsp;Da tổng hợp cao cấp (*)</p><hr style=\"margin: 0px 0px 10px; padding: 0px; width: 570px; border-top-color: rgb(174, 176, 176);\"><p style=\"margin-right: 0px; margin-bottom: 10px; margin-left: 0px; padding: 0px; line-height: 21px;\"><span style=\"margin: 0px; padding: 0px; font-weight: 700;\">Xuất xứ:</span>&nbsp;Việt Nam</p><p style=\"margin-right: 0px; margin-bottom: 10px; margin-left: 0px; padding: 0px; line-height: 21px;\">(*) Chất liệu da tổng hợp cao cấp giúp sản phẩm luôn sáng bóng, chống thấm nước và bền bỉ, sử dụng lâu dài không bị bong tróc hay nổ da.</p></div></div></div></div></div>','product/avatar/tui-deo-cheo-1.JPG',17,'2021-03-12 15:53:00',NULL,NULL,NULL,1,'tui-eo-cheo-da-nam-lata-balc27d-1617645331706','Đen huyền bí','Da bê',100),(59,'Túi Đeo Chéo Da Nam Lata BALC27N',420000.00,NULL,'','<p style=\"margin-right: 0px; margin-bottom: 10px; margin-left: 0px; padding: 0px; font-family: SVN_Gotham, sans-serif; line-height: 21px; color: rgb(37, 42, 43); font-size: 13px; background-color: rgb(255, 255, 255);\"><span style=\"margin: 0px; padding: 0px; font-weight: 700;\"><a href=\"https://latashop.com/collections/tui-deo-cheo-da-nam\" style=\"margin: 0px; padding: 0px; color: rgb(37, 42, 43); outline: none; transition: opacity 150ms linear 0s, color 150ms linear 0s, background 150ms linear 0s;\">Túi đeo chéo da nam Lata</a></span>&nbsp;BALC27 với kiểu dáng trẻ trung, thích hợp cho các bạn thời hiện đại. Với 4 gam màu trung tính bạn có thể lựa chọn. Bò đậm thanh lịch, bò nhạt trẻ trung, nâu mạnh mẽ và đen cá tính.</p><p style=\"margin-right: 0px; margin-bottom: 10px; margin-left: 0px; padding: 0px; font-family: SVN_Gotham, sans-serif; line-height: 21px; color: rgb(37, 42, 43); font-size: 13px; background-color: rgb(255, 255, 255);\">THÔNG TIN KỸ THUẬT</p><hr style=\"margin: 0px 0px 10px; padding: 0px; font-family: SVN_Gotham, sans-serif; width: 570px; border-top-color: rgb(174, 176, 176); color: rgb(37, 42, 43); font-size: 13px; background-color: rgb(255, 255, 255);\"><p style=\"margin-right: 0px; margin-bottom: 10px; margin-left: 0px; padding: 0px; font-family: SVN_Gotham, sans-serif; line-height: 21px; color: rgb(37, 42, 43); font-size: 13px; background-color: rgb(255, 255, 255);\"><span style=\"margin: 0px; padding: 0px; font-weight: 700;\">Kích thước</span>: Dài 26cm x rộng 6,5cm x cao 12cm</p><hr style=\"margin: 0px 0px 10px; padding: 0px; font-family: SVN_Gotham, sans-serif; width: 570px; border-top-color: rgb(174, 176, 176); color: rgb(37, 42, 43); font-size: 13px; background-color: rgb(255, 255, 255);\"><p style=\"margin-right: 0px; margin-bottom: 10px; margin-left: 0px; padding: 0px; font-family: SVN_Gotham, sans-serif; line-height: 21px; color: rgb(37, 42, 43); font-size: 13px; background-color: rgb(255, 255, 255);\"><span style=\"margin: 0px; padding: 0px; font-weight: 700;\">Số ngăn</span>: 5 ngăn ( 1 ngăn chính, 4 ngăn phụ )</p><hr style=\"margin: 0px 0px 10px; padding: 0px; font-family: SVN_Gotham, sans-serif; width: 570px; border-top-color: rgb(174, 176, 176); color: rgb(37, 42, 43); font-size: 13px; background-color: rgb(255, 255, 255);\"><p style=\"margin-right: 0px; margin-bottom: 10px; margin-left: 0px; padding: 0px; font-family: SVN_Gotham, sans-serif; line-height: 21px; color: rgb(37, 42, 43); font-size: 13px; background-color: rgb(255, 255, 255);\"><span style=\"margin: 0px; padding: 0px; font-weight: 700;\">Công dụng</span>&nbsp;:Đựng vừa sổ tay, điện thoại Iphone 11 ProMax, ví tiền, cáp sạc</p><hr style=\"margin: 0px 0px 10px; padding: 0px; font-family: SVN_Gotham, sans-serif; width: 570px; border-top-color: rgb(174, 176, 176); color: rgb(37, 42, 43); font-size: 13px; background-color: rgb(255, 255, 255);\"><p style=\"margin-right: 0px; margin-bottom: 10px; margin-left: 0px; padding: 0px; font-family: SVN_Gotham, sans-serif; line-height: 21px; color: rgb(37, 42, 43); font-size: 13px; background-color: rgb(255, 255, 255);\"><span style=\"margin: 0px; padding: 0px; font-weight: 700;\">Trọng lượng</span>&nbsp;: 298 grams</p><hr style=\"margin: 0px 0px 10px; padding: 0px; font-family: SVN_Gotham, sans-serif; width: 570px; border-top-color: rgb(174, 176, 176); color: rgb(37, 42, 43); font-size: 13px; background-color: rgb(255, 255, 255);\"><p style=\"margin-right: 0px; margin-bottom: 10px; margin-left: 0px; padding: 0px; font-family: SVN_Gotham, sans-serif; line-height: 21px; color: rgb(37, 42, 43); font-size: 13px; background-color: rgb(255, 255, 255);\"><span style=\"margin: 0px; padding: 0px; font-weight: 700;\">Chất liệu:</span>&nbsp;Da tổng hợp cao cấp (*)</p><hr style=\"margin: 0px 0px 10px; padding: 0px; font-family: SVN_Gotham, sans-serif; width: 570px; border-top-color: rgb(174, 176, 176); color: rgb(37, 42, 43); font-size: 13px; background-color: rgb(255, 255, 255);\"><p style=\"margin-right: 0px; margin-bottom: 10px; margin-left: 0px; padding: 0px; font-family: SVN_Gotham, sans-serif; line-height: 21px; color: rgb(37, 42, 43); font-size: 13px; background-color: rgb(255, 255, 255);\"><span style=\"margin: 0px; padding: 0px; font-weight: 700;\">Xuất xứ:</span>&nbsp;Việt Nam</p><p style=\"margin-right: 0px; margin-bottom: 10px; margin-left: 0px; padding: 0px; font-family: SVN_Gotham, sans-serif; line-height: 21px; color: rgb(37, 42, 43); font-size: 13px; background-color: rgb(255, 255, 255);\">(*) Chất liệu da tổng hợp cao cấp giúp sản phẩm luôn sáng bóng, chống thấm nước và bền bỉ, sử dụng lâu dài không bị bong tróc hay nổ da.</p>','product/avatar/tui-deo-cheo-2.JPG',17,'2021-03-12 15:53:39',NULL,NULL,NULL,1,'tui-eo-cheo-da-nam-lata-balc27n-1615539219459',NULL,NULL,100),(60,'Túi Đeo Chéo Da Nam Lata BALC27BN',420000.00,NULL,'','<p style=\"margin-right: 0px; margin-bottom: 10px; margin-left: 0px; padding: 0px; font-family: SVN_Gotham, sans-serif; line-height: 21px; color: rgb(37, 42, 43); font-size: 13px; background-color: rgb(255, 255, 255);\"><span style=\"margin: 0px; padding: 0px; font-weight: 700;\"><a href=\"https://latashop.com/collections/tui-deo-cheo-da-nam\" style=\"margin: 0px; padding: 0px; color: rgb(37, 42, 43); outline: none; transition: opacity 150ms linear 0s, color 150ms linear 0s, background 150ms linear 0s;\">Túi đeo chéo da nam Lata</a></span>&nbsp;BALC27 với kiểu dáng trẻ trung, thích hợp cho các bạn thời hiện đại. Với 4 gam màu trung tính bạn có thể lựa chọn. Bò đậm thanh lịch, bò nhạt trẻ trung, nâu mạnh mẽ và đen cá tính.</p><p style=\"margin-right: 0px; margin-bottom: 10px; margin-left: 0px; padding: 0px; font-family: SVN_Gotham, sans-serif; line-height: 21px; color: rgb(37, 42, 43); font-size: 13px; background-color: rgb(255, 255, 255);\">THÔNG TIN KỸ THUẬT</p><hr style=\"margin: 0px 0px 10px; padding: 0px; font-family: SVN_Gotham, sans-serif; width: 570px; border-top-color: rgb(174, 176, 176); color: rgb(37, 42, 43); font-size: 13px; background-color: rgb(255, 255, 255);\"><p style=\"margin-right: 0px; margin-bottom: 10px; margin-left: 0px; padding: 0px; font-family: SVN_Gotham, sans-serif; line-height: 21px; color: rgb(37, 42, 43); font-size: 13px; background-color: rgb(255, 255, 255);\"><span style=\"margin: 0px; padding: 0px; font-weight: 700;\">Kích thước</span>: Dài 26cm x rộng 6,5cm x cao 12cm</p><hr style=\"margin: 0px 0px 10px; padding: 0px; font-family: SVN_Gotham, sans-serif; width: 570px; border-top-color: rgb(174, 176, 176); color: rgb(37, 42, 43); font-size: 13px; background-color: rgb(255, 255, 255);\"><p style=\"margin-right: 0px; margin-bottom: 10px; margin-left: 0px; padding: 0px; font-family: SVN_Gotham, sans-serif; line-height: 21px; color: rgb(37, 42, 43); font-size: 13px; background-color: rgb(255, 255, 255);\"><span style=\"margin: 0px; padding: 0px; font-weight: 700;\">Số ngăn</span>: 5 ngăn ( 1 ngăn chính, 4 ngăn phụ )</p><hr style=\"margin: 0px 0px 10px; padding: 0px; font-family: SVN_Gotham, sans-serif; width: 570px; border-top-color: rgb(174, 176, 176); color: rgb(37, 42, 43); font-size: 13px; background-color: rgb(255, 255, 255);\"><p style=\"margin-right: 0px; margin-bottom: 10px; margin-left: 0px; padding: 0px; font-family: SVN_Gotham, sans-serif; line-height: 21px; color: rgb(37, 42, 43); font-size: 13px; background-color: rgb(255, 255, 255);\"><span style=\"margin: 0px; padding: 0px; font-weight: 700;\">Công dụng</span>&nbsp;:Đựng vừa sổ tay, điện thoại Iphone 11 ProMax, ví tiền, cáp sạc</p><hr style=\"margin: 0px 0px 10px; padding: 0px; font-family: SVN_Gotham, sans-serif; width: 570px; border-top-color: rgb(174, 176, 176); color: rgb(37, 42, 43); font-size: 13px; background-color: rgb(255, 255, 255);\"><p style=\"margin-right: 0px; margin-bottom: 10px; margin-left: 0px; padding: 0px; font-family: SVN_Gotham, sans-serif; line-height: 21px; color: rgb(37, 42, 43); font-size: 13px; background-color: rgb(255, 255, 255);\"><span style=\"margin: 0px; padding: 0px; font-weight: 700;\">Trọng lượng</span>&nbsp;: 298 grams</p><hr style=\"margin: 0px 0px 10px; padding: 0px; font-family: SVN_Gotham, sans-serif; width: 570px; border-top-color: rgb(174, 176, 176); color: rgb(37, 42, 43); font-size: 13px; background-color: rgb(255, 255, 255);\"><p style=\"margin-right: 0px; margin-bottom: 10px; margin-left: 0px; padding: 0px; font-family: SVN_Gotham, sans-serif; line-height: 21px; color: rgb(37, 42, 43); font-size: 13px; background-color: rgb(255, 255, 255);\"><span style=\"margin: 0px; padding: 0px; font-weight: 700;\">Chất liệu:</span>&nbsp;Da tổng hợp cao cấp (*)</p><hr style=\"margin: 0px 0px 10px; padding: 0px; font-family: SVN_Gotham, sans-serif; width: 570px; border-top-color: rgb(174, 176, 176); color: rgb(37, 42, 43); font-size: 13px; background-color: rgb(255, 255, 255);\"><p style=\"margin-right: 0px; margin-bottom: 10px; margin-left: 0px; padding: 0px; font-family: SVN_Gotham, sans-serif; line-height: 21px; color: rgb(37, 42, 43); font-size: 13px; background-color: rgb(255, 255, 255);\"><span style=\"margin: 0px; padding: 0px; font-weight: 700;\">Xuất xứ:</span>&nbsp;Việt Nam</p><p style=\"margin-right: 0px; margin-bottom: 10px; margin-left: 0px; padding: 0px; font-family: SVN_Gotham, sans-serif; line-height: 21px; color: rgb(37, 42, 43); font-size: 13px; background-color: rgb(255, 255, 255);\">(*) Chất liệu da tổng hợp cao cấp giúp sản phẩm luôn sáng bóng, chống thấm nước và bền bỉ, sử dụng lâu dài không bị bong tróc hay nổ da.</p>','product/avatar/tui-deo-cheo-3.JPG',17,'2021-03-12 15:53:48',NULL,NULL,NULL,1,'tui-eo-cheo-da-nam-lata-balc27bn-1615539227619',NULL,NULL,100),(61,'Balo Da Lata BAL39BD',711000.00,790000.00,'','<p style=\"margin-right: 0px; margin-bottom: 10px; margin-left: 0px; padding: 0px; font-family: SVN_Gotham, sans-serif; line-height: 21px; color: rgb(37, 42, 43); font-size: 13px; background-color: rgb(255, 255, 255);\"><a href=\"https://latashop.com/collections/vi-da-nu\" style=\"margin: 0px; padding: 0px; color: rgb(37, 42, 43); outline: none; transition: opacity 150ms linear 0s, color 150ms linear 0s, background 150ms linear 0s;\"><span style=\"margin: 0px; padding: 0px; font-weight: 700;\">Balo da Lata BAL39</span></a>&nbsp;được thiết kế đơn giản chỉ một tông màu cổ điển. Mặt trước có 1 ngăn tiện dụng và hai ngăn phụ hai bên, với quai xách và quai mang đều làm bằng da tổng hợp cao cấp, có độ đàn hồi nhât định, bền bỉ và không thấm nước. Ngoài ra mẫu balo này còn đựng vừa laptop tối đa 14 inch, rất thích hợp đi học, đi chơi, và đi làm.</p><p style=\"margin-right: 0px; margin-bottom: 10px; margin-left: 0px; padding: 0px; font-family: SVN_Gotham, sans-serif; line-height: 21px; color: rgb(37, 42, 43); font-size: 13px; background-color: rgb(255, 255, 255);\"><span style=\"margin: 0px; padding: 0px; font-weight: 700;\">THÔNG SỐ KỸ THUẬT:</span></p><hr style=\"margin: 0px 0px 10px; padding: 0px; font-family: SVN_Gotham, sans-serif; width: 570px; border-top-color: rgb(174, 176, 176); color: rgb(37, 42, 43); font-size: 13px; background-color: rgb(255, 255, 255);\"><p style=\"margin-right: 0px; margin-bottom: 10px; margin-left: 0px; padding: 0px; font-family: SVN_Gotham, sans-serif; line-height: 21px; color: rgb(37, 42, 43); font-size: 13px; background-color: rgb(255, 255, 255);\"><span style=\"margin: 0px; padding: 0px; font-weight: 700;\">- Kích thước:</span><span style=\"margin: 0px; padding: 0px;\">&nbsp;</span>Dài 28cm x Rộng 9cm x Cao 40cm</p><hr style=\"margin: 0px 0px 10px; padding: 0px; font-family: SVN_Gotham, sans-serif; width: 570px; border-top-color: rgb(174, 176, 176); color: rgb(37, 42, 43); font-size: 13px; background-color: rgb(255, 255, 255);\"><p style=\"margin-right: 0px; margin-bottom: 10px; margin-left: 0px; padding: 0px; font-family: SVN_Gotham, sans-serif; line-height: 21px; color: rgb(37, 42, 43); font-size: 13px; background-color: rgb(255, 255, 255);\"><span style=\"margin: 0px; padding: 0px; font-weight: 700;\">- Số ngăn:</span><span style=\"margin: 0px; padding: 0px;\">&nbsp;</span>7 ngăn ( 1 ngăn chính + 5 ngăn phụ + 1 ngăn laptop )</p><hr style=\"margin: 0px 0px 10px; padding: 0px; font-family: SVN_Gotham, sans-serif; width: 570px; border-top-color: rgb(174, 176, 176); color: rgb(37, 42, 43); font-size: 13px; background-color: rgb(255, 255, 255);\"><p style=\"margin-right: 0px; margin-bottom: 10px; margin-left: 0px; padding: 0px; font-family: SVN_Gotham, sans-serif; line-height: 21px; color: rgb(37, 42, 43); font-size: 13px; background-color: rgb(255, 255, 255);\"><span style=\"margin: 0px; padding: 0px; font-weight: 700;\">- Màu sắc:</span><span style=\"margin: 0px; padding: 0px;\">&nbsp;</span>Bò đậm, Bò nhạt, Nâu, Đen</p><hr style=\"margin: 0px 0px 10px; padding: 0px; font-family: SVN_Gotham, sans-serif; width: 570px; border-top-color: rgb(174, 176, 176); color: rgb(37, 42, 43); font-size: 13px; background-color: rgb(255, 255, 255);\"><p style=\"margin-right: 0px; margin-bottom: 10px; margin-left: 0px; padding: 0px; font-family: SVN_Gotham, sans-serif; line-height: 21px; color: rgb(37, 42, 43); font-size: 13px; background-color: rgb(255, 255, 255);\"><span style=\"margin: 0px; padding: 0px; font-weight: 700;\">- Trọng lượng:</span><span style=\"margin: 0px; padding: 0px;\">&nbsp;</span>1089g</p><hr style=\"margin: 0px 0px 10px; padding: 0px; font-family: SVN_Gotham, sans-serif; width: 570px; border-top-color: rgb(174, 176, 176); color: rgb(37, 42, 43); font-size: 13px; background-color: rgb(255, 255, 255);\"><p style=\"margin-right: 0px; margin-bottom: 10px; margin-left: 0px; padding: 0px; font-family: SVN_Gotham, sans-serif; line-height: 21px; color: rgb(37, 42, 43); font-size: 13px; background-color: rgb(255, 255, 255);\"><span style=\"margin: 0px; padding: 0px; font-weight: 700;\">- Xuất xứ:</span><span style=\"margin: 0px; padding: 0px;\">&nbsp;</span>Việt Nam</p><hr style=\"margin: 0px 0px 10px; padding: 0px; font-family: SVN_Gotham, sans-serif; width: 570px; border-top-color: rgb(174, 176, 176); color: rgb(37, 42, 43); font-size: 13px; background-color: rgb(255, 255, 255);\"><p style=\"margin-right: 0px; margin-bottom: 10px; margin-left: 0px; padding: 0px; font-family: SVN_Gotham, sans-serif; line-height: 21px; color: rgb(37, 42, 43); font-size: 13px; background-color: rgb(255, 255, 255);\"><span style=\"margin: 0px; padding: 0px; font-weight: 700;\">- Chất liệu:</span><span style=\"margin: 0px; padding: 0px;\">&nbsp;</span>Da tổng hợp cao cấp (*)</p><p style=\"margin-right: 0px; margin-bottom: 10px; margin-left: 0px; padding: 0px; font-family: SVN_Gotham, sans-serif; line-height: 21px; color: rgb(37, 42, 43); font-size: 13px; background-color: rgb(255, 255, 255);\">(*) Chất liệu da tổng hợp cao cấp, không bong tróc tự nhiên và không thấm nước. Lớp lót phía trong làm bằng vải nhung mềm mại. Balo thời trang BAL39 dễ bảo quản và có khả năng chống chịu tốt với môi trường khắc nghiệt.</p>','product/avatar/balo-1.JPG',18,'2021-03-12 15:53:56',NULL,NULL,NULL,1,'balo-da-lata-bal39bd-1615539236205',NULL,NULL,100),(62,'Balo Da Lata BAL39D',711000.00,790000.00,'','<p style=\"margin-right: 0px; margin-bottom: 10px; margin-left: 0px; padding: 0px; font-family: SVN_Gotham, sans-serif; line-height: 21px; color: rgb(37, 42, 43); font-size: 13px; background-color: rgb(255, 255, 255);\"><a href=\"https://latashop.com/collections/vi-da-nu\" style=\"margin: 0px; padding: 0px; color: rgb(37, 42, 43); outline: none; transition: opacity 150ms linear 0s, color 150ms linear 0s, background 150ms linear 0s;\"><span style=\"margin: 0px; padding: 0px; font-weight: 700;\">Balo da Lata BAL39</span></a>&nbsp;được thiết kế đơn giản chỉ một tông màu cổ điển. Mặt trước có 1 ngăn tiện dụng và hai ngăn phụ hai bên, với quai xách và quai mang đều làm bằng da tổng hợp cao cấp, có độ đàn hồi nhât định, bền bỉ và không thấm nước. Ngoài ra mẫu balo này còn đựng vừa laptop tối đa 14 inch, rất thích hợp đi học, đi chơi, và đi làm.</p><p style=\"margin-right: 0px; margin-bottom: 10px; margin-left: 0px; padding: 0px; font-family: SVN_Gotham, sans-serif; line-height: 21px; color: rgb(37, 42, 43); font-size: 13px; background-color: rgb(255, 255, 255);\"><span style=\"margin: 0px; padding: 0px; font-weight: 700;\">THÔNG SỐ KỸ THUẬT:</span></p><hr style=\"margin: 0px 0px 10px; padding: 0px; font-family: SVN_Gotham, sans-serif; width: 570px; border-top-color: rgb(174, 176, 176); color: rgb(37, 42, 43); font-size: 13px; background-color: rgb(255, 255, 255);\"><p style=\"margin-right: 0px; margin-bottom: 10px; margin-left: 0px; padding: 0px; font-family: SVN_Gotham, sans-serif; line-height: 21px; color: rgb(37, 42, 43); font-size: 13px; background-color: rgb(255, 255, 255);\"><span style=\"margin: 0px; padding: 0px; font-weight: 700;\">- Kích thước:</span><span style=\"margin: 0px; padding: 0px;\">&nbsp;</span>Dài 28cm x Rộng 9cm x Cao 40cm</p><hr style=\"margin: 0px 0px 10px; padding: 0px; font-family: SVN_Gotham, sans-serif; width: 570px; border-top-color: rgb(174, 176, 176); color: rgb(37, 42, 43); font-size: 13px; background-color: rgb(255, 255, 255);\"><p style=\"margin-right: 0px; margin-bottom: 10px; margin-left: 0px; padding: 0px; font-family: SVN_Gotham, sans-serif; line-height: 21px; color: rgb(37, 42, 43); font-size: 13px; background-color: rgb(255, 255, 255);\"><span style=\"margin: 0px; padding: 0px; font-weight: 700;\">- Số ngăn:</span><span style=\"margin: 0px; padding: 0px;\">&nbsp;</span>7 ngăn ( 1 ngăn chính + 5 ngăn phụ + 1 ngăn laptop )</p><hr style=\"margin: 0px 0px 10px; padding: 0px; font-family: SVN_Gotham, sans-serif; width: 570px; border-top-color: rgb(174, 176, 176); color: rgb(37, 42, 43); font-size: 13px; background-color: rgb(255, 255, 255);\"><p style=\"margin-right: 0px; margin-bottom: 10px; margin-left: 0px; padding: 0px; font-family: SVN_Gotham, sans-serif; line-height: 21px; color: rgb(37, 42, 43); font-size: 13px; background-color: rgb(255, 255, 255);\"><span style=\"margin: 0px; padding: 0px; font-weight: 700;\">- Màu sắc:</span><span style=\"margin: 0px; padding: 0px;\">&nbsp;</span>Bò đậm, Bò nhạt, Nâu, Đen</p><hr style=\"margin: 0px 0px 10px; padding: 0px; font-family: SVN_Gotham, sans-serif; width: 570px; border-top-color: rgb(174, 176, 176); color: rgb(37, 42, 43); font-size: 13px; background-color: rgb(255, 255, 255);\"><p style=\"margin-right: 0px; margin-bottom: 10px; margin-left: 0px; padding: 0px; font-family: SVN_Gotham, sans-serif; line-height: 21px; color: rgb(37, 42, 43); font-size: 13px; background-color: rgb(255, 255, 255);\"><span style=\"margin: 0px; padding: 0px; font-weight: 700;\">- Trọng lượng:</span><span style=\"margin: 0px; padding: 0px;\">&nbsp;</span>1089g</p><hr style=\"margin: 0px 0px 10px; padding: 0px; font-family: SVN_Gotham, sans-serif; width: 570px; border-top-color: rgb(174, 176, 176); color: rgb(37, 42, 43); font-size: 13px; background-color: rgb(255, 255, 255);\"><p style=\"margin-right: 0px; margin-bottom: 10px; margin-left: 0px; padding: 0px; font-family: SVN_Gotham, sans-serif; line-height: 21px; color: rgb(37, 42, 43); font-size: 13px; background-color: rgb(255, 255, 255);\"><span style=\"margin: 0px; padding: 0px; font-weight: 700;\">- Xuất xứ:</span><span style=\"margin: 0px; padding: 0px;\">&nbsp;</span>Việt Nam</p><hr style=\"margin: 0px 0px 10px; padding: 0px; font-family: SVN_Gotham, sans-serif; width: 570px; border-top-color: rgb(174, 176, 176); color: rgb(37, 42, 43); font-size: 13px; background-color: rgb(255, 255, 255);\"><p style=\"margin-right: 0px; margin-bottom: 10px; margin-left: 0px; padding: 0px; font-family: SVN_Gotham, sans-serif; line-height: 21px; color: rgb(37, 42, 43); font-size: 13px; background-color: rgb(255, 255, 255);\"><span style=\"margin: 0px; padding: 0px; font-weight: 700;\">- Chất liệu:</span><span style=\"margin: 0px; padding: 0px;\">&nbsp;</span>Da tổng hợp cao cấp (*)</p><p style=\"margin-right: 0px; margin-bottom: 10px; margin-left: 0px; padding: 0px; font-family: SVN_Gotham, sans-serif; line-height: 21px; color: rgb(37, 42, 43); font-size: 13px; background-color: rgb(255, 255, 255);\">(*) Chất liệu da tổng hợp cao cấp, không bong tróc tự nhiên và không thấm nước. Lớp lót phía trong làm bằng vải nhung mềm mại. Balo thời trang BAL39 dễ bảo quản và có khả năng chống chịu tốt với môi trường khắc nghiệt.</p>','product/avatar/balo-2.JPG',18,'2021-03-12 15:54:03',NULL,NULL,NULL,1,'balo-da-lata-bal39d-1615539242963',NULL,NULL,100),(63,'Balo Da Lata BAL39BN',711000.00,790000.00,'','<p style=\"margin-right: 0px; margin-bottom: 10px; margin-left: 0px; padding: 0px; font-family: SVN_Gotham, sans-serif; line-height: 21px; color: rgb(37, 42, 43); font-size: 13px; background-color: rgb(255, 255, 255);\"><a href=\"https://latashop.com/collections/vi-da-nu\" style=\"margin: 0px; padding: 0px; color: rgb(37, 42, 43); outline: none; transition: opacity 150ms linear 0s, color 150ms linear 0s, background 150ms linear 0s;\"><span style=\"margin: 0px; padding: 0px; font-weight: 700;\">Balo da Lata BAL39</span></a>&nbsp;được thiết kế đơn giản chỉ một tông màu cổ điển. Mặt trước có 1 ngăn tiện dụng và hai ngăn phụ hai bên, với quai xách và quai mang đều làm bằng da tổng hợp cao cấp, có độ đàn hồi nhât định, bền bỉ và không thấm nước. Ngoài ra mẫu balo này còn đựng vừa laptop tối đa 14 inch, rất thích hợp đi học, đi chơi, và đi làm.</p><p style=\"margin-right: 0px; margin-bottom: 10px; margin-left: 0px; padding: 0px; font-family: SVN_Gotham, sans-serif; line-height: 21px; color: rgb(37, 42, 43); font-size: 13px; background-color: rgb(255, 255, 255);\"><span style=\"margin: 0px; padding: 0px; font-weight: 700;\">THÔNG SỐ KỸ THUẬT:</span></p><hr style=\"margin: 0px 0px 10px; padding: 0px; font-family: SVN_Gotham, sans-serif; width: 570px; border-top-color: rgb(174, 176, 176); color: rgb(37, 42, 43); font-size: 13px; background-color: rgb(255, 255, 255);\"><p style=\"margin-right: 0px; margin-bottom: 10px; margin-left: 0px; padding: 0px; font-family: SVN_Gotham, sans-serif; line-height: 21px; color: rgb(37, 42, 43); font-size: 13px; background-color: rgb(255, 255, 255);\"><span style=\"margin: 0px; padding: 0px; font-weight: 700;\">- Kích thước:</span><span style=\"margin: 0px; padding: 0px;\">&nbsp;</span>Dài 28cm x Rộng 9cm x Cao 40cm</p><hr style=\"margin: 0px 0px 10px; padding: 0px; font-family: SVN_Gotham, sans-serif; width: 570px; border-top-color: rgb(174, 176, 176); color: rgb(37, 42, 43); font-size: 13px; background-color: rgb(255, 255, 255);\"><p style=\"margin-right: 0px; margin-bottom: 10px; margin-left: 0px; padding: 0px; font-family: SVN_Gotham, sans-serif; line-height: 21px; color: rgb(37, 42, 43); font-size: 13px; background-color: rgb(255, 255, 255);\"><span style=\"margin: 0px; padding: 0px; font-weight: 700;\">- Số ngăn:</span><span style=\"margin: 0px; padding: 0px;\">&nbsp;</span>7 ngăn ( 1 ngăn chính + 5 ngăn phụ + 1 ngăn laptop )</p><hr style=\"margin: 0px 0px 10px; padding: 0px; font-family: SVN_Gotham, sans-serif; width: 570px; border-top-color: rgb(174, 176, 176); color: rgb(37, 42, 43); font-size: 13px; background-color: rgb(255, 255, 255);\"><p style=\"margin-right: 0px; margin-bottom: 10px; margin-left: 0px; padding: 0px; font-family: SVN_Gotham, sans-serif; line-height: 21px; color: rgb(37, 42, 43); font-size: 13px; background-color: rgb(255, 255, 255);\"><span style=\"margin: 0px; padding: 0px; font-weight: 700;\">- Màu sắc:</span><span style=\"margin: 0px; padding: 0px;\">&nbsp;</span>Bò đậm, Bò nhạt, Nâu, Đen</p><hr style=\"margin: 0px 0px 10px; padding: 0px; font-family: SVN_Gotham, sans-serif; width: 570px; border-top-color: rgb(174, 176, 176); color: rgb(37, 42, 43); font-size: 13px; background-color: rgb(255, 255, 255);\"><p style=\"margin-right: 0px; margin-bottom: 10px; margin-left: 0px; padding: 0px; font-family: SVN_Gotham, sans-serif; line-height: 21px; color: rgb(37, 42, 43); font-size: 13px; background-color: rgb(255, 255, 255);\"><span style=\"margin: 0px; padding: 0px; font-weight: 700;\">- Trọng lượng:</span><span style=\"margin: 0px; padding: 0px;\">&nbsp;</span>1089g</p><hr style=\"margin: 0px 0px 10px; padding: 0px; font-family: SVN_Gotham, sans-serif; width: 570px; border-top-color: rgb(174, 176, 176); color: rgb(37, 42, 43); font-size: 13px; background-color: rgb(255, 255, 255);\"><p style=\"margin-right: 0px; margin-bottom: 10px; margin-left: 0px; padding: 0px; font-family: SVN_Gotham, sans-serif; line-height: 21px; color: rgb(37, 42, 43); font-size: 13px; background-color: rgb(255, 255, 255);\"><span style=\"margin: 0px; padding: 0px; font-weight: 700;\">- Xuất xứ:</span><span style=\"margin: 0px; padding: 0px;\">&nbsp;</span>Việt Nam</p><hr style=\"margin: 0px 0px 10px; padding: 0px; font-family: SVN_Gotham, sans-serif; width: 570px; border-top-color: rgb(174, 176, 176); color: rgb(37, 42, 43); font-size: 13px; background-color: rgb(255, 255, 255);\"><p style=\"margin-right: 0px; margin-bottom: 10px; margin-left: 0px; padding: 0px; font-family: SVN_Gotham, sans-serif; line-height: 21px; color: rgb(37, 42, 43); font-size: 13px; background-color: rgb(255, 255, 255);\"><span style=\"margin: 0px; padding: 0px; font-weight: 700;\">- Chất liệu:</span><span style=\"margin: 0px; padding: 0px;\">&nbsp;</span>Da tổng hợp cao cấp (*)</p><p style=\"margin-right: 0px; margin-bottom: 10px; margin-left: 0px; padding: 0px; font-family: SVN_Gotham, sans-serif; line-height: 21px; color: rgb(37, 42, 43); font-size: 13px; background-color: rgb(255, 255, 255);\">(*) Chất liệu da tổng hợp cao cấp, không bong tróc tự nhiên và không thấm nước. Lớp lót phía trong làm bằng vải nhung mềm mại. Balo thời trang BAL39 dễ bảo quản và có khả năng chống chịu tốt với môi trường khắc nghiệt.</p>','product/avatar/balo-3.JPG',18,'2021-03-12 15:54:09',NULL,NULL,NULL,1,'balo-da-lata-bal39bn-1615539249392',NULL,NULL,100),(64,'Balo Da Lata BAL39BN',711000.00,790000.00,'','<p style=\"margin-right: 0px; margin-bottom: 10px; margin-left: 0px; padding: 0px; font-family: SVN_Gotham, sans-serif; line-height: 21px; color: rgb(37, 42, 43); font-size: 13px; background-color: rgb(255, 255, 255);\"><a href=\"https://latashop.com/collections/vi-da-nu\" style=\"margin: 0px; padding: 0px; color: rgb(37, 42, 43); outline: none; transition: opacity 150ms linear 0s, color 150ms linear 0s, background 150ms linear 0s;\"><span style=\"margin: 0px; padding: 0px; font-weight: 700;\">Balo da Lata BAL39</span></a>&nbsp;được thiết kế đơn giản chỉ một tông màu cổ điển. Mặt trước có 1 ngăn tiện dụng và hai ngăn phụ hai bên, với quai xách và quai mang đều làm bằng da tổng hợp cao cấp, có độ đàn hồi nhât định, bền bỉ và không thấm nước. Ngoài ra mẫu balo này còn đựng vừa laptop tối đa 14 inch, rất thích hợp đi học, đi chơi, và đi làm.</p><p style=\"margin-right: 0px; margin-bottom: 10px; margin-left: 0px; padding: 0px; font-family: SVN_Gotham, sans-serif; line-height: 21px; color: rgb(37, 42, 43); font-size: 13px; background-color: rgb(255, 255, 255);\"><span style=\"margin: 0px; padding: 0px; font-weight: 700;\">THÔNG SỐ KỸ THUẬT:</span></p><hr style=\"margin: 0px 0px 10px; padding: 0px; font-family: SVN_Gotham, sans-serif; width: 570px; border-top-color: rgb(174, 176, 176); color: rgb(37, 42, 43); font-size: 13px; background-color: rgb(255, 255, 255);\"><p style=\"margin-right: 0px; margin-bottom: 10px; margin-left: 0px; padding: 0px; font-family: SVN_Gotham, sans-serif; line-height: 21px; color: rgb(37, 42, 43); font-size: 13px; background-color: rgb(255, 255, 255);\"><span style=\"margin: 0px; padding: 0px; font-weight: 700;\">- Kích thước:</span><span style=\"margin: 0px; padding: 0px;\">&nbsp;</span>Dài 28cm x Rộng 9cm x Cao 40cm</p><hr style=\"margin: 0px 0px 10px; padding: 0px; font-family: SVN_Gotham, sans-serif; width: 570px; border-top-color: rgb(174, 176, 176); color: rgb(37, 42, 43); font-size: 13px; background-color: rgb(255, 255, 255);\"><p style=\"margin-right: 0px; margin-bottom: 10px; margin-left: 0px; padding: 0px; font-family: SVN_Gotham, sans-serif; line-height: 21px; color: rgb(37, 42, 43); font-size: 13px; background-color: rgb(255, 255, 255);\"><span style=\"margin: 0px; padding: 0px; font-weight: 700;\">- Số ngăn:</span><span style=\"margin: 0px; padding: 0px;\">&nbsp;</span>7 ngăn ( 1 ngăn chính + 5 ngăn phụ + 1 ngăn laptop )</p><hr style=\"margin: 0px 0px 10px; padding: 0px; font-family: SVN_Gotham, sans-serif; width: 570px; border-top-color: rgb(174, 176, 176); color: rgb(37, 42, 43); font-size: 13px; background-color: rgb(255, 255, 255);\"><p style=\"margin-right: 0px; margin-bottom: 10px; margin-left: 0px; padding: 0px; font-family: SVN_Gotham, sans-serif; line-height: 21px; color: rgb(37, 42, 43); font-size: 13px; background-color: rgb(255, 255, 255);\"><span style=\"margin: 0px; padding: 0px; font-weight: 700;\">- Màu sắc:</span><span style=\"margin: 0px; padding: 0px;\">&nbsp;</span>Bò đậm, Bò nhạt, Nâu, Đen</p><hr style=\"margin: 0px 0px 10px; padding: 0px; font-family: SVN_Gotham, sans-serif; width: 570px; border-top-color: rgb(174, 176, 176); color: rgb(37, 42, 43); font-size: 13px; background-color: rgb(255, 255, 255);\"><p style=\"margin-right: 0px; margin-bottom: 10px; margin-left: 0px; padding: 0px; font-family: SVN_Gotham, sans-serif; line-height: 21px; color: rgb(37, 42, 43); font-size: 13px; background-color: rgb(255, 255, 255);\"><span style=\"margin: 0px; padding: 0px; font-weight: 700;\">- Trọng lượng:</span><span style=\"margin: 0px; padding: 0px;\">&nbsp;</span>1089g</p><hr style=\"margin: 0px 0px 10px; padding: 0px; font-family: SVN_Gotham, sans-serif; width: 570px; border-top-color: rgb(174, 176, 176); color: rgb(37, 42, 43); font-size: 13px; background-color: rgb(255, 255, 255);\"><p style=\"margin-right: 0px; margin-bottom: 10px; margin-left: 0px; padding: 0px; font-family: SVN_Gotham, sans-serif; line-height: 21px; color: rgb(37, 42, 43); font-size: 13px; background-color: rgb(255, 255, 255);\"><span style=\"margin: 0px; padding: 0px; font-weight: 700;\">- Xuất xứ:</span><span style=\"margin: 0px; padding: 0px;\">&nbsp;</span>Việt Nam</p><hr style=\"margin: 0px 0px 10px; padding: 0px; font-family: SVN_Gotham, sans-serif; width: 570px; border-top-color: rgb(174, 176, 176); color: rgb(37, 42, 43); font-size: 13px; background-color: rgb(255, 255, 255);\"><p style=\"margin-right: 0px; margin-bottom: 10px; margin-left: 0px; padding: 0px; font-family: SVN_Gotham, sans-serif; line-height: 21px; color: rgb(37, 42, 43); font-size: 13px; background-color: rgb(255, 255, 255);\"><span style=\"margin: 0px; padding: 0px; font-weight: 700;\">- Chất liệu:</span><span style=\"margin: 0px; padding: 0px;\">&nbsp;</span>Da tổng hợp cao cấp (*)</p><p style=\"margin-right: 0px; margin-bottom: 10px; margin-left: 0px; padding: 0px; font-family: SVN_Gotham, sans-serif; line-height: 21px; color: rgb(37, 42, 43); font-size: 13px; background-color: rgb(255, 255, 255);\">(*) Chất liệu da tổng hợp cao cấp, không bong tróc tự nhiên và không thấm nước. Lớp lót phía trong làm bằng vải nhung mềm mại. Balo thời trang BAL39 dễ bảo quản và có khả năng chống chịu tốt với môi trường khắc nghiệt.</p>','product/avatar/balo-3.JPG',18,'2021-03-12 15:54:23',NULL,NULL,NULL,1,'balo-da-lata-bal39bn-1615539263275',NULL,NULL,100),(65,'Ví Da Nam Lata LVN79D',530000.00,NULL,'','<p style=\"margin-right: 0px; margin-bottom: 10px; margin-left: 0px; padding: 0px; font-family: SVN_Gotham, sans-serif; line-height: 21px; color: rgb(37, 42, 43); font-size: 13px; background-color: rgb(255, 255, 255);\"><a href=\"https://latashop.com/collections/vi-da-nam\" style=\"margin: 0px; padding: 0px; color: rgb(37, 42, 43); outline: none; transition: opacity 150ms linear 0s, color 150ms linear 0s, background 150ms linear 0s;\"><span style=\"margin: 0px; padding: 0px; font-weight: 700;\">Ví da nam Lata LVN79</span></a>&nbsp;là một chiếc ví dạng đứng, đáp ứng đầy đủ yêu cầu về chất lượng, thời trang lại có giá thành vô cùng hợp lý. Ví đi kèm hộp đựng sang trọng và thẻ bảo hành 1 năm sử dụng. Chiếc ví sẽ là món quà tuyệt vời dành tặng cho những người đàn ông thành đạt, ở nó toát lên nét sang trọng, lịch lãm và vô cùng đẳng cấp.<br style=\"margin: 0px; padding: 0px;\"></p><p style=\"margin-right: 0px; margin-bottom: 10px; margin-left: 0px; padding: 0px; font-family: SVN_Gotham, sans-serif; line-height: 21px; color: rgb(37, 42, 43); font-size: 13px; background-color: rgb(255, 255, 255);\"><span style=\"margin: 0px; padding: 0px; font-weight: 700;\">THÔNG SỐ KỸ THUẬT:</span></p><p style=\"margin-right: 0px; margin-bottom: 10px; margin-left: 0px; padding: 0px; font-family: SVN_Gotham, sans-serif; line-height: 21px; color: rgb(37, 42, 43); font-size: 13px; background-color: rgb(255, 255, 255);\"><span style=\"margin: 0px; padding: 0px; font-weight: 700;\">- Chất liệu:</span>&nbsp;da bò thật (mềm mại , không bong tróc, độ bền cao )</p><hr style=\"margin: 0px 0px 10px; padding: 0px; font-family: SVN_Gotham, sans-serif; width: 570px; border-top-color: rgb(174, 176, 176); color: rgb(37, 42, 43); font-size: 13px; background-color: rgb(255, 255, 255);\"><p style=\"margin-right: 0px; margin-bottom: 10px; margin-left: 0px; padding: 0px; font-family: SVN_Gotham, sans-serif; line-height: 21px; color: rgb(37, 42, 43); font-size: 13px; background-color: rgb(255, 255, 255);\"><span style=\"margin: 0px; padding: 0px; font-weight: 700;\">- Kích thước:</span>&nbsp;&nbsp;- Gấp lại: Dài 8cm x Cao 10.5cm</p><p style=\"margin-right: 0px; margin-bottom: 10px; margin-left: 0px; padding: 0px; font-family: SVN_Gotham, sans-serif; line-height: 21px; color: rgb(37, 42, 43); font-size: 13px; background-color: rgb(255, 255, 255);\">&nbsp; &nbsp; &nbsp; &nbsp; &nbsp; &nbsp; &nbsp; &nbsp; &nbsp; &nbsp; &nbsp; &nbsp;- Mở ra: Dài 19.5cm x Rộng 2cm x Cao 12cm</p><p style=\"margin-right: 0px; margin-bottom: 10px; margin-left: 0px; padding: 0px; font-family: SVN_Gotham, sans-serif; line-height: 21px; color: rgb(37, 42, 43); font-size: 13px; background-color: rgb(255, 255, 255);\"><span style=\"margin: 0px; padding: 0px; font-weight: 700;\">- Trọng lượng:</span>&nbsp;92g</p><hr style=\"margin: 0px 0px 10px; padding: 0px; font-family: SVN_Gotham, sans-serif; width: 570px; border-top-color: rgb(174, 176, 176); color: rgb(37, 42, 43); font-size: 13px; background-color: rgb(255, 255, 255);\"><p style=\"margin-right: 0px; margin-bottom: 10px; margin-left: 0px; padding: 0px; font-family: SVN_Gotham, sans-serif; line-height: 21px; color: rgb(37, 42, 43); font-size: 13px; background-color: rgb(255, 255, 255);\"><span style=\"margin: 0px; padding: 0px; font-weight: 700;\">- Số ngăn:</span>&nbsp;12 ngăn ( 2 ngăn chính + 10 ngăn phụ )</p><hr style=\"margin: 0px 0px 10px; padding: 0px; font-family: SVN_Gotham, sans-serif; width: 570px; border-top-color: rgb(174, 176, 176); color: rgb(37, 42, 43); font-size: 13px; background-color: rgb(255, 255, 255);\"><p style=\"margin-right: 0px; margin-bottom: 10px; margin-left: 0px; padding: 0px; font-family: SVN_Gotham, sans-serif; line-height: 21px; color: rgb(37, 42, 43); font-size: 13px; background-color: rgb(255, 255, 255);\"><span style=\"margin: 0px; padding: 0px; font-weight: 700;\">- Màu sắc:&nbsp;</span>Màu Nâu – Màu Đen</p><hr style=\"margin: 0px 0px 10px; padding: 0px; font-family: SVN_Gotham, sans-serif; width: 570px; border-top-color: rgb(174, 176, 176); color: rgb(37, 42, 43); font-size: 13px; background-color: rgb(255, 255, 255);\"><p style=\"margin-right: 0px; margin-bottom: 10px; margin-left: 0px; padding: 0px; font-family: SVN_Gotham, sans-serif; line-height: 21px; color: rgb(37, 42, 43); font-size: 13px; background-color: rgb(255, 255, 255);\"><span style=\"margin: 0px; padding: 0px; font-weight: 700;\">- Công dụng:</span>&nbsp;ví phù hợp sử dụng đựng tiền, đựng thẻ khi đi chơi, đi làm, đi họp...</p><hr style=\"margin: 0px 0px 10px; padding: 0px; font-family: SVN_Gotham, sans-serif; width: 570px; border-top-color: rgb(174, 176, 176); color: rgb(37, 42, 43); font-size: 13px; background-color: rgb(255, 255, 255);\"><p style=\"margin-right: 0px; margin-bottom: 10px; margin-left: 0px; padding: 0px; font-family: SVN_Gotham, sans-serif; line-height: 21px; color: rgb(37, 42, 43); font-size: 13px; background-color: rgb(255, 255, 255);\"><span style=\"margin: 0px; padding: 0px; font-weight: 700;\">- Đựng vừa tối đa:</span>&nbsp;Ví đựng vừa 8 thẻ namecard, tiền và giấy tờ tùy thân</p><hr style=\"margin: 0px 0px 10px; padding: 0px; font-family: SVN_Gotham, sans-serif; width: 570px; border-top-color: rgb(174, 176, 176); color: rgb(37, 42, 43); font-size: 13px; background-color: rgb(255, 255, 255);\"><p style=\"margin-right: 0px; margin-bottom: 10px; margin-left: 0px; padding: 0px; font-family: SVN_Gotham, sans-serif; line-height: 21px; color: rgb(37, 42, 43); font-size: 13px; background-color: rgb(255, 255, 255);\"><span style=\"margin: 0px; padding: 0px; font-weight: 700;\">- Bảo Hành:</span>&nbsp;1 Năm</p><hr style=\"margin: 0px 0px 10px; padding: 0px; font-family: SVN_Gotham, sans-serif; width: 570px; border-top-color: rgb(174, 176, 176); color: rgb(37, 42, 43); font-size: 13px; background-color: rgb(255, 255, 255);\"><p style=\"margin-right: 0px; margin-bottom: 10px; margin-left: 0px; padding: 0px; font-family: SVN_Gotham, sans-serif; line-height: 21px; color: rgb(37, 42, 43); font-size: 13px; background-color: rgb(255, 255, 255);\"><span style=\"margin: 0px; padding: 0px; font-weight: 700;\">- Thương hiệu:</span>&nbsp;LATA</p><hr style=\"margin: 0px 0px 10px; padding: 0px; font-family: SVN_Gotham, sans-serif; width: 570px; border-top-color: rgb(174, 176, 176); color: rgb(37, 42, 43); font-size: 13px; background-color: rgb(255, 255, 255);\"><p style=\"margin-right: 0px; margin-bottom: 10px; margin-left: 0px; padding: 0px; font-family: SVN_Gotham, sans-serif; line-height: 21px; color: rgb(37, 42, 43); font-size: 13px; background-color: rgb(255, 255, 255);\"><span style=\"margin: 0px; padding: 0px; font-weight: 700;\">- Xuất xứ:</span>&nbsp;Made in Viet Nam</p><hr style=\"margin: 0px 0px 10px; padding: 0px; font-family: SVN_Gotham, sans-serif; width: 570px; border-top-color: rgb(174, 176, 176); color: rgb(37, 42, 43); font-size: 13px; background-color: rgb(255, 255, 255);\"><p style=\"margin-right: 0px; margin-bottom: 10px; margin-left: 0px; padding: 0px; font-family: SVN_Gotham, sans-serif; line-height: 21px; color: rgb(37, 42, 43); font-size: 13px; background-color: rgb(255, 255, 255);\"><span style=\"margin: 0px; padding: 0px; font-weight: 700;\">ĐẶC ĐIỂM NỐI BẬT:</span></p><p style=\"margin-right: 0px; margin-bottom: 10px; margin-left: 0px; padding: 0px; font-family: SVN_Gotham, sans-serif; line-height: 21px; color: rgb(37, 42, 43); font-size: 13px; background-color: rgb(255, 255, 255);\">- Da bò thật 100%</p><p style=\"margin-right: 0px; margin-bottom: 10px; margin-left: 0px; padding: 0px; font-family: SVN_Gotham, sans-serif; line-height: 21px; color: rgb(37, 42, 43); font-size: 13px; background-color: rgb(255, 255, 255);\">- Phụ kiện cao cấp</p><p style=\"margin-right: 0px; margin-bottom: 10px; margin-left: 0px; padding: 0px; font-family: SVN_Gotham, sans-serif; line-height: 21px; color: rgb(37, 42, 43); font-size: 13px; background-color: rgb(255, 255, 255);\">- Bền màu</p><p style=\"margin-right: 0px; margin-bottom: 10px; margin-left: 0px; padding: 0px; font-family: SVN_Gotham, sans-serif; line-height: 21px; color: rgb(37, 42, 43); font-size: 13px; background-color: rgb(255, 255, 255);\">- Ví không bong tróc tự nhiên</p><p style=\"margin-right: 0px; margin-bottom: 10px; margin-left: 0px; padding: 0px; font-family: SVN_Gotham, sans-serif; line-height: 21px; color: rgb(37, 42, 43); font-size: 13px; background-color: rgb(255, 255, 255);\">- Ngăn ví rộng rãi</p><p style=\"margin-right: 0px; margin-bottom: 10px; margin-left: 0px; padding: 0px; font-family: SVN_Gotham, sans-serif; line-height: 21px; color: rgb(37, 42, 43); font-size: 13px; background-color: rgb(255, 255, 255);\">- Ví đứng sang trọng</p>','product/avatar/vi-da-1.JPG',20,'2021-03-12 15:54:33',NULL,NULL,NULL,1,'vi-da-nam-lata-lvn79d-1615539273472',NULL,NULL,100),(66,'Ví Da Nam Lata LVN79N',530000.00,NULL,'','<p style=\"margin-right: 0px; margin-bottom: 10px; margin-left: 0px; padding: 0px; font-family: SVN_Gotham, sans-serif; line-height: 21px; color: rgb(37, 42, 43); font-size: 13px; background-color: rgb(255, 255, 255);\"><a href=\"https://latashop.com/collections/vi-da-nam\" style=\"margin: 0px; padding: 0px; color: rgb(37, 42, 43); outline: none; transition: opacity 150ms linear 0s, color 150ms linear 0s, background 150ms linear 0s;\"><span style=\"margin: 0px; padding: 0px; font-weight: 700;\">Ví da nam Lata LVN79</span></a>&nbsp;là một chiếc ví dạng đứng, đáp ứng đầy đủ yêu cầu về chất lượng, thời trang lại có giá thành vô cùng hợp lý. Ví đi kèm hộp đựng sang trọng và thẻ bảo hành 1 năm sử dụng. Chiếc ví sẽ là món quà tuyệt vời dành tặng cho những người đàn ông thành đạt, ở nó toát lên nét sang trọng, lịch lãm và vô cùng đẳng cấp.</p><p style=\"margin-right: 0px; margin-bottom: 10px; margin-left: 0px; padding: 0px; font-family: SVN_Gotham, sans-serif; line-height: 21px; color: rgb(37, 42, 43); font-size: 13px; background-color: rgb(255, 255, 255);\"><span style=\"margin: 0px; padding: 0px; font-weight: 700;\">THÔNG SỐ KỸ THUẬT:</span></p><p style=\"margin-right: 0px; margin-bottom: 10px; margin-left: 0px; padding: 0px; font-family: SVN_Gotham, sans-serif; line-height: 21px; color: rgb(37, 42, 43); font-size: 13px; background-color: rgb(255, 255, 255);\"><span style=\"margin: 0px; padding: 0px; font-weight: 700;\">- Chất liệu:</span>&nbsp;da bò thật (mềm mại , không bong tróc, độ bền cao )</p><hr style=\"margin: 0px 0px 10px; padding: 0px; font-family: SVN_Gotham, sans-serif; width: 570px; border-top-color: rgb(174, 176, 176); color: rgb(37, 42, 43); font-size: 13px; background-color: rgb(255, 255, 255);\"><p style=\"margin-right: 0px; margin-bottom: 10px; margin-left: 0px; padding: 0px; font-family: SVN_Gotham, sans-serif; line-height: 21px; color: rgb(37, 42, 43); font-size: 13px; background-color: rgb(255, 255, 255);\"><span style=\"margin: 0px; padding: 0px; font-weight: 700;\">- Kích thước:</span>&nbsp;&nbsp;- Gấp lại: Dài 8cm x Cao 10.5cm</p><p style=\"margin-right: 0px; margin-bottom: 10px; margin-left: 0px; padding: 0px; font-family: SVN_Gotham, sans-serif; line-height: 21px; color: rgb(37, 42, 43); font-size: 13px; background-color: rgb(255, 255, 255);\">&nbsp; &nbsp; &nbsp; &nbsp; &nbsp; &nbsp; &nbsp; &nbsp; &nbsp; &nbsp; &nbsp; &nbsp;- Mở ra: Dài 19.5cm x Rộng 2cm x Cao 12cm</p><p style=\"margin-right: 0px; margin-bottom: 10px; margin-left: 0px; padding: 0px; font-family: SVN_Gotham, sans-serif; line-height: 21px; color: rgb(37, 42, 43); font-size: 13px; background-color: rgb(255, 255, 255);\"><span style=\"margin: 0px; padding: 0px; font-weight: 700;\">- Trọng lượng:</span>&nbsp;92g</p><hr style=\"margin: 0px 0px 10px; padding: 0px; font-family: SVN_Gotham, sans-serif; width: 570px; border-top-color: rgb(174, 176, 176); color: rgb(37, 42, 43); font-size: 13px; background-color: rgb(255, 255, 255);\"><p style=\"margin-right: 0px; margin-bottom: 10px; margin-left: 0px; padding: 0px; font-family: SVN_Gotham, sans-serif; line-height: 21px; color: rgb(37, 42, 43); font-size: 13px; background-color: rgb(255, 255, 255);\"><span style=\"margin: 0px; padding: 0px; font-weight: 700;\">- Số ngăn:</span>&nbsp;12 ngăn ( 2 ngăn chính + 10 ngăn phụ )</p><hr style=\"margin: 0px 0px 10px; padding: 0px; font-family: SVN_Gotham, sans-serif; width: 570px; border-top-color: rgb(174, 176, 176); color: rgb(37, 42, 43); font-size: 13px; background-color: rgb(255, 255, 255);\"><p style=\"margin-right: 0px; margin-bottom: 10px; margin-left: 0px; padding: 0px; font-family: SVN_Gotham, sans-serif; line-height: 21px; color: rgb(37, 42, 43); font-size: 13px; background-color: rgb(255, 255, 255);\"><span style=\"margin: 0px; padding: 0px; font-weight: 700;\">- Màu sắc:&nbsp;</span>Màu Nâu – Màu Đen</p><hr style=\"margin: 0px 0px 10px; padding: 0px; font-family: SVN_Gotham, sans-serif; width: 570px; border-top-color: rgb(174, 176, 176); color: rgb(37, 42, 43); font-size: 13px; background-color: rgb(255, 255, 255);\"><p style=\"margin-right: 0px; margin-bottom: 10px; margin-left: 0px; padding: 0px; font-family: SVN_Gotham, sans-serif; line-height: 21px; color: rgb(37, 42, 43); font-size: 13px; background-color: rgb(255, 255, 255);\"><span style=\"margin: 0px; padding: 0px; font-weight: 700;\">- Công dụng:</span>&nbsp;ví phù hợp sử dụng đựng tiền, đựng thẻ khi đi chơi, đi làm, đi họp...</p><hr style=\"margin: 0px 0px 10px; padding: 0px; font-family: SVN_Gotham, sans-serif; width: 570px; border-top-color: rgb(174, 176, 176); color: rgb(37, 42, 43); font-size: 13px; background-color: rgb(255, 255, 255);\"><p style=\"margin-right: 0px; margin-bottom: 10px; margin-left: 0px; padding: 0px; font-family: SVN_Gotham, sans-serif; line-height: 21px; color: rgb(37, 42, 43); font-size: 13px; background-color: rgb(255, 255, 255);\"><span style=\"margin: 0px; padding: 0px; font-weight: 700;\">- Đựng vừa tối đa:</span>&nbsp;Ví đựng vừa 8 thẻ namecard, tiền và giấy tờ tùy thân</p><hr style=\"margin: 0px 0px 10px; padding: 0px; font-family: SVN_Gotham, sans-serif; width: 570px; border-top-color: rgb(174, 176, 176); color: rgb(37, 42, 43); font-size: 13px; background-color: rgb(255, 255, 255);\"><p style=\"margin-right: 0px; margin-bottom: 10px; margin-left: 0px; padding: 0px; font-family: SVN_Gotham, sans-serif; line-height: 21px; color: rgb(37, 42, 43); font-size: 13px; background-color: rgb(255, 255, 255);\"><span style=\"margin: 0px; padding: 0px; font-weight: 700;\">- Bảo Hành:</span>&nbsp;1 Năm</p><hr style=\"margin: 0px 0px 10px; padding: 0px; font-family: SVN_Gotham, sans-serif; width: 570px; border-top-color: rgb(174, 176, 176); color: rgb(37, 42, 43); font-size: 13px; background-color: rgb(255, 255, 255);\"><p style=\"margin-right: 0px; margin-bottom: 10px; margin-left: 0px; padding: 0px; font-family: SVN_Gotham, sans-serif; line-height: 21px; color: rgb(37, 42, 43); font-size: 13px; background-color: rgb(255, 255, 255);\"><span style=\"margin: 0px; padding: 0px; font-weight: 700;\">- Thương hiệu:</span>&nbsp;LATA</p><hr style=\"margin: 0px 0px 10px; padding: 0px; font-family: SVN_Gotham, sans-serif; width: 570px; border-top-color: rgb(174, 176, 176); color: rgb(37, 42, 43); font-size: 13px; background-color: rgb(255, 255, 255);\"><p style=\"margin-right: 0px; margin-bottom: 10px; margin-left: 0px; padding: 0px; font-family: SVN_Gotham, sans-serif; line-height: 21px; color: rgb(37, 42, 43); font-size: 13px; background-color: rgb(255, 255, 255);\"><span style=\"margin: 0px; padding: 0px; font-weight: 700;\">- Xuất xứ:</span>&nbsp;Made in Viet Nam</p><hr style=\"margin: 0px 0px 10px; padding: 0px; font-family: SVN_Gotham, sans-serif; width: 570px; border-top-color: rgb(174, 176, 176); color: rgb(37, 42, 43); font-size: 13px; background-color: rgb(255, 255, 255);\"><p style=\"margin-right: 0px; margin-bottom: 10px; margin-left: 0px; padding: 0px; font-family: SVN_Gotham, sans-serif; line-height: 21px; color: rgb(37, 42, 43); font-size: 13px; background-color: rgb(255, 255, 255);\"><span style=\"margin: 0px; padding: 0px; font-weight: 700;\">ĐẶC ĐIỂM NỐI BẬT:</span></p><p style=\"margin-right: 0px; margin-bottom: 10px; margin-left: 0px; padding: 0px; font-family: SVN_Gotham, sans-serif; line-height: 21px; color: rgb(37, 42, 43); font-size: 13px; background-color: rgb(255, 255, 255);\">- Da bò thật 100%</p><p style=\"margin-right: 0px; margin-bottom: 10px; margin-left: 0px; padding: 0px; font-family: SVN_Gotham, sans-serif; line-height: 21px; color: rgb(37, 42, 43); font-size: 13px; background-color: rgb(255, 255, 255);\">- Phụ kiện cao cấp</p><p style=\"margin-right: 0px; margin-bottom: 10px; margin-left: 0px; padding: 0px; font-family: SVN_Gotham, sans-serif; line-height: 21px; color: rgb(37, 42, 43); font-size: 13px; background-color: rgb(255, 255, 255);\">- Bền màu</p><p style=\"margin-right: 0px; margin-bottom: 10px; margin-left: 0px; padding: 0px; font-family: SVN_Gotham, sans-serif; line-height: 21px; color: rgb(37, 42, 43); font-size: 13px; background-color: rgb(255, 255, 255);\">- Ví không bong tróc tự nhiên</p><p style=\"margin-right: 0px; margin-bottom: 10px; margin-left: 0px; padding: 0px; font-family: SVN_Gotham, sans-serif; line-height: 21px; color: rgb(37, 42, 43); font-size: 13px; background-color: rgb(255, 255, 255);\">- Ngăn ví rộng rãi</p><p style=\"margin-right: 0px; margin-bottom: 10px; margin-left: 0px; padding: 0px; font-family: SVN_Gotham, sans-serif; line-height: 21px; color: rgb(37, 42, 43); font-size: 13px; background-color: rgb(255, 255, 255);\">- Ví đứng sang trọng</p>','product/avatar/vi-da-2.JPG',20,'2021-03-12 15:54:43',NULL,NULL,NULL,1,'vi-da-nam-lata-lvn79n-1615539282746',NULL,NULL,100),(67,'Cặp Da Công Sở Lata CA32N',720000.00,NULL,'','<p style=\"margin-right: 0px; margin-bottom: 10px; margin-left: 0px; padding: 0px; font-family: SVN_Gotham, sans-serif; line-height: 21px; color: rgb(37, 42, 43); font-size: 13px; background-color: rgb(255, 255, 255);\"><a href=\"https://latashop.com/collections/cap-da-cong-so\" style=\"margin: 0px; padding: 0px; color: rgb(37, 42, 43); outline: none; transition: opacity 150ms linear 0s, color 150ms linear 0s, background 150ms linear 0s;\"><span style=\"margin: 0px; padding: 0px; font-weight: 700;\">Cặp da công sở Lata CA32N</span></a>&nbsp;màu nâu lịch lãm, sang trọng. Cùng với thiết kế đơn giản. Phôm, dáng chắc chắn, có thể đựng vừa laptop tối đa 14inch, cùng nhiều hồ sơ, tài liệu. Phía trước còn có ngăn đựng rộng rãi giúp các bạn có thể chia ngăn đựng đồ một cách hợp lý và quay xách có thể tháo rời, sẽ rất an toàn và tiện dụng cho người dùng.</p><p style=\"margin-right: 0px; margin-bottom: 10px; margin-left: 0px; padding: 0px; font-family: SVN_Gotham, sans-serif; line-height: 21px; color: rgb(37, 42, 43); font-size: 13px; background-color: rgb(255, 255, 255);\"><span style=\"margin: 0px; padding: 0px; font-weight: 700;\">THÔNG SỐ KỸ THUẬT:</span></p><p style=\"margin-right: 0px; margin-bottom: 10px; margin-left: 0px; padding: 0px; font-family: SVN_Gotham, sans-serif; line-height: 21px; color: rgb(37, 42, 43); font-size: 13px; background-color: rgb(255, 255, 255);\"><span style=\"margin: 0px; padding: 0px; font-weight: 700;\">Kích thước</span>: Dài 37cm x Rộng 6.5cm x Cao 27cm</p><hr style=\"margin: 0px 0px 10px; padding: 0px; font-family: SVN_Gotham, sans-serif; width: 570px; border-top-color: rgb(174, 176, 176); color: rgb(37, 42, 43); font-size: 13px; background-color: rgb(255, 255, 255);\"><p style=\"margin-right: 0px; margin-bottom: 10px; margin-left: 0px; padding: 0px; font-family: SVN_Gotham, sans-serif; line-height: 21px; color: rgb(37, 42, 43); font-size: 13px; background-color: rgb(255, 255, 255);\"><span style=\"margin: 0px; padding: 0px; font-weight: 700;\">Số ngăn</span>: 9 ( 1 ngăn chính + 1 ngăn laptop + 7 ngăn phụ )</p><hr style=\"margin: 0px 0px 10px; padding: 0px; font-family: SVN_Gotham, sans-serif; width: 570px; border-top-color: rgb(174, 176, 176); color: rgb(37, 42, 43); font-size: 13px; background-color: rgb(255, 255, 255);\"><p style=\"margin-right: 0px; margin-bottom: 10px; margin-left: 0px; padding: 0px; font-family: SVN_Gotham, sans-serif; line-height: 21px; color: rgb(37, 42, 43); font-size: 13px; background-color: rgb(255, 255, 255);\"><span style=\"margin: 0px; padding: 0px; font-weight: 700;\">Công dụng</span>: Đựng vừa laptop 14inch, giấy A4 và bìa hồ sơ....</p><hr style=\"margin: 0px 0px 10px; padding: 0px; font-family: SVN_Gotham, sans-serif; width: 570px; border-top-color: rgb(174, 176, 176); color: rgb(37, 42, 43); font-size: 13px; background-color: rgb(255, 255, 255);\"><p style=\"margin-right: 0px; margin-bottom: 10px; margin-left: 0px; padding: 0px; font-family: SVN_Gotham, sans-serif; line-height: 21px; color: rgb(37, 42, 43); font-size: 13px; background-color: rgb(255, 255, 255);\"><span style=\"margin: 0px; padding: 0px; font-weight: 700;\">Chất liệu:</span>&nbsp;Da tổng hợp cao cấp (*)</p><hr style=\"margin: 0px 0px 10px; padding: 0px; font-family: SVN_Gotham, sans-serif; width: 570px; border-top-color: rgb(174, 176, 176); color: rgb(37, 42, 43); font-size: 13px; background-color: rgb(255, 255, 255);\"><p style=\"margin-right: 0px; margin-bottom: 10px; margin-left: 0px; padding: 0px; font-family: SVN_Gotham, sans-serif; line-height: 21px; color: rgb(37, 42, 43); font-size: 13px; background-color: rgb(255, 255, 255);\"><span style=\"margin: 0px; padding: 0px; font-weight: 700;\">Trọng lượng</span>&nbsp;: 1417g</p><hr style=\"margin: 0px 0px 10px; padding: 0px; font-family: SVN_Gotham, sans-serif; width: 570px; border-top-color: rgb(174, 176, 176); color: rgb(37, 42, 43); font-size: 13px; background-color: rgb(255, 255, 255);\"><p style=\"margin-right: 0px; margin-bottom: 10px; margin-left: 0px; padding: 0px; font-family: SVN_Gotham, sans-serif; line-height: 21px; color: rgb(37, 42, 43); font-size: 13px; background-color: rgb(255, 255, 255);\"><span style=\"margin: 0px; padding: 0px; font-weight: 700;\">Xuất xứ:</span><span style=\"margin: 0px; padding: 0px;\">&nbsp;</span>Việt Nam</p><p style=\"margin-right: 0px; margin-bottom: 10px; margin-left: 0px; padding: 0px; font-family: SVN_Gotham, sans-serif; line-height: 21px; color: rgb(37, 42, 43); font-size: 13px; background-color: rgb(255, 255, 255);\"><span style=\"margin: 0px; padding: 0px;\">(*) Sản phẩm sử dụng chất liệu da tổng hợp cao cấp giúp chống thấm nước tốt, dễ lau chùi. Sử dụng lâu dài không bị bong tróc hay nổ da, đảm bảo chất lượng sản phẩm luôn bền bỉ. Lớp lót nhung bên trong giúp bảo quản đồ đạc tốt hơn.</span></p>','product/avatar/cap-da-1.JPG',19,'2021-03-12 15:54:52',NULL,NULL,NULL,1,'cap-da-cong-so-lata-ca32n-1615539292452',NULL,NULL,100),(69,'Cặp Da Công Sở Lata CA32D',719978.00,NULL,'','<p style=\"margin-right: 0px; margin-bottom: 10px; margin-left: 0px; padding: 0px; font-family: SVN_Gotham, sans-serif; line-height: 21px; color: rgb(37, 42, 43); font-size: 13px; background-color: rgb(255, 255, 255);\"><a href=\"https://latashop.com/collections/cap-da-cong-so\" style=\"margin: 0px; padding: 0px; color: rgb(37, 42, 43); outline: none; transition: opacity 150ms linear 0s, color 150ms linear 0s, background 150ms linear 0s;\"><span style=\"margin: 0px; padding: 0px; font-weight: 700;\">Cặp da công sở Lata CA32D</span></a>&nbsp;màu đen sang trọng dể phối đồ. Cùng với thiết kế đơn giản. Phôm, dáng chắc chắn, có thể đựng vừa laptop tối đa 14inch, cùng nhiều hồ sơ, tài liệu. Phía trước còn có ngăn đựng rộng rãi giúp các bạn có thể chia ngăn đựng đồ một cách hợp lý và quay xách có thể tháo rời, sẽ rất an toàn và tiện dụng cho người dùng.</p><p style=\"margin-right: 0px; margin-bottom: 10px; margin-left: 0px; padding: 0px; font-family: SVN_Gotham, sans-serif; line-height: 21px; color: rgb(37, 42, 43); font-size: 13px; background-color: rgb(255, 255, 255);\"><span style=\"margin: 0px; padding: 0px; font-weight: 700;\">THÔNG SỐ KỸ THUẬT:</span></p><p style=\"margin-right: 0px; margin-bottom: 10px; margin-left: 0px; padding: 0px; font-family: SVN_Gotham, sans-serif; line-height: 21px; color: rgb(37, 42, 43); font-size: 13px; background-color: rgb(255, 255, 255);\"><span style=\"margin: 0px; padding: 0px; font-weight: 700;\">Kích thước</span>: Dài 37cm x Rộng 6.5cm x Cao 27cm</p><hr style=\"margin: 0px 0px 10px; padding: 0px; font-family: SVN_Gotham, sans-serif; width: 570px; border-top-color: rgb(174, 176, 176); color: rgb(37, 42, 43); font-size: 13px; background-color: rgb(255, 255, 255);\"><p style=\"margin-right: 0px; margin-bottom: 10px; margin-left: 0px; padding: 0px; font-family: SVN_Gotham, sans-serif; line-height: 21px; color: rgb(37, 42, 43); font-size: 13px; background-color: rgb(255, 255, 255);\"><span style=\"margin: 0px; padding: 0px; font-weight: 700;\">Số ngăn</span>: 9 ( 1 ngăn chính + 1 ngăn laptop + 7 ngăn phụ )</p><hr style=\"margin: 0px 0px 10px; padding: 0px; font-family: SVN_Gotham, sans-serif; width: 570px; border-top-color: rgb(174, 176, 176); color: rgb(37, 42, 43); font-size: 13px; background-color: rgb(255, 255, 255);\"><p style=\"margin-right: 0px; margin-bottom: 10px; margin-left: 0px; padding: 0px; font-family: SVN_Gotham, sans-serif; line-height: 21px; color: rgb(37, 42, 43); font-size: 13px; background-color: rgb(255, 255, 255);\"><span style=\"margin: 0px; padding: 0px; font-weight: 700;\">Công dụng</span>: Đựng vừa laptop 14inch, giấy A4 và bìa hồ sơ....</p><hr style=\"margin: 0px 0px 10px; padding: 0px; font-family: SVN_Gotham, sans-serif; width: 570px; border-top-color: rgb(174, 176, 176); color: rgb(37, 42, 43); font-size: 13px; background-color: rgb(255, 255, 255);\"><p style=\"margin-right: 0px; margin-bottom: 10px; margin-left: 0px; padding: 0px; font-family: SVN_Gotham, sans-serif; line-height: 21px; color: rgb(37, 42, 43); font-size: 13px; background-color: rgb(255, 255, 255);\"><span style=\"margin: 0px; padding: 0px; font-weight: 700;\">Chất liệu:</span>&nbsp;Da tổng hợp cao cấp (*)</p><hr style=\"margin: 0px 0px 10px; padding: 0px; font-family: SVN_Gotham, sans-serif; width: 570px; border-top-color: rgb(174, 176, 176); color: rgb(37, 42, 43); font-size: 13px; background-color: rgb(255, 255, 255);\"><p style=\"margin-right: 0px; margin-bottom: 10px; margin-left: 0px; padding: 0px; font-family: SVN_Gotham, sans-serif; line-height: 21px; color: rgb(37, 42, 43); font-size: 13px; background-color: rgb(255, 255, 255);\"><span style=\"margin: 0px; padding: 0px; font-weight: 700;\">Trọng lượng</span>&nbsp;: 1417g</p><hr style=\"margin: 0px 0px 10px; padding: 0px; font-family: SVN_Gotham, sans-serif; width: 570px; border-top-color: rgb(174, 176, 176); color: rgb(37, 42, 43); font-size: 13px; background-color: rgb(255, 255, 255);\"><p style=\"margin-right: 0px; margin-bottom: 10px; margin-left: 0px; padding: 0px; font-family: SVN_Gotham, sans-serif; line-height: 21px; color: rgb(37, 42, 43); font-size: 13px; background-color: rgb(255, 255, 255);\"><span style=\"margin: 0px; padding: 0px; font-weight: 700;\">Xuất xứ:</span><span style=\"margin: 0px; padding: 0px;\">&nbsp;</span>Việt Nam</p><p style=\"margin-right: 0px; margin-bottom: 10px; margin-left: 0px; padding: 0px; font-family: SVN_Gotham, sans-serif; line-height: 21px; color: rgb(37, 42, 43); font-size: 13px; background-color: rgb(255, 255, 255);\"><span style=\"margin: 0px; padding: 0px;\">(*) Sản phẩm sử dụng chất liệu da tổng hợp cao cấp giúp chống thấm nước tốt, dễ lau chùi. Sử dụng lâu dài không bị bong tróc hay nổ da, đảm bảo chất lượng sản phẩm luôn bền bỉ. Lớp lót nhung bên trong giúp bảo quản đồ đạc tốt hơn.</span></p>','product/avatar/cap-da-3.JPG',19,'2021-03-04 00:10:55',NULL,NULL,NULL,0,'',NULL,NULL,100),(71,'Dây da bê EPSOME PHÁP X001',520000.00,NULL,'','','product/avatar/day_da_be_epsome_2.jpg',23,'2021-04-04 17:51:16','2021-04-06 01:17:06',NULL,NULL,1,'day-da-be-epsome-phap-x001-1617646626190','Xanh biển cả','Da bê zermat',100),(72,'Dây da bê EPSOME PHÁP V001',500000.00,NULL,'<div dir=\"auto\" style=\"font-family: &quot;Segoe UI Historic&quot;, &quot;Segoe UI&quot;, Helvetica, Arial, sans-serif; color: rgb(5, 5, 5); font-size: 15px; white-space: pre-wrap; background-color: rgb(255, 255, 255);\">DA BÊ EPSOME ĐẸP BỀN BẤT CHẤP THỜI GIAN </div><div dir=\"auto\" style=\"font-family: &quot;Segoe UI Historic&quot;, &quot;Segoe UI&quot;, Helvetica, Arial, sans-serif; color: rgb(5, 5, 5); font-size: 15px; white-space: pre-wrap; background-color: rgb(255, 255, 255);\">Bảo hành dây da 1 năm cho khách hàng. Tự tin khẳng định bởi chất da nhập khẩu và da thật 100% </div>','<div dir=\"auto\" style=\"font-family: &quot;Segoe UI Historic&quot;, &quot;Segoe UI&quot;, Helvetica, Arial, sans-serif; color: rgb(5, 5, 5); font-size: 15px; white-space: pre-wrap; background-color: rgb(255, 255, 255);\"><span class=\"pq6dq46d tbxw36s4 knj5qynh kvgmc6g5 ditlmg2l oygrvhab nvdbi5me sf5mxxl7 gl3lb2sf hhz5lgdu\" style=\"margin: 0px 1px; height: 16px; width: 16px; display: inline-flex; vertical-align: middle; font-family: inherit;\"><img height=\"16\" width=\"16\" alt=\"?\" referrerpolicy=\"origin-when-cross-origin\" src=\"https://static.xx.fbcdn.net/images/emoji.php/v9/te0/1/16/1f31f.png\" style=\"border: 0px;\"></span> Khâu tay thủ công bền bỉ </div><div dir=\"auto\" style=\"font-family: &quot;Segoe UI Historic&quot;, &quot;Segoe UI&quot;, Helvetica, Arial, sans-serif; color: rgb(5, 5, 5); font-size: 15px; white-space: pre-wrap; background-color: rgb(255, 255, 255);\"><span class=\"pq6dq46d tbxw36s4 knj5qynh kvgmc6g5 ditlmg2l oygrvhab nvdbi5me sf5mxxl7 gl3lb2sf hhz5lgdu\" style=\"margin: 0px 1px; height: 16px; width: 16px; display: inline-flex; vertical-align: middle; font-family: inherit;\"><img height=\"16\" width=\"16\" alt=\"?\" referrerpolicy=\"origin-when-cross-origin\" src=\"https://static.xx.fbcdn.net/images/emoji.php/v9/te0/1/16/1f31f.png\" style=\"border: 0px;\"></span> Da lót da bê zermat chống thấm mồ hôi</div><div dir=\"auto\" style=\"font-family: &quot;Segoe UI Historic&quot;, &quot;Segoe UI&quot;, Helvetica, Arial, sans-serif; color: rgb(5, 5, 5); font-size: 15px; white-space: pre-wrap; background-color: rgb(255, 255, 255);\"><span class=\"pq6dq46d tbxw36s4 knj5qynh kvgmc6g5 ditlmg2l oygrvhab nvdbi5me sf5mxxl7 gl3lb2sf hhz5lgdu\" style=\"margin: 0px 1px; height: 16px; width: 16px; display: inline-flex; vertical-align: middle; font-family: inherit;\"><img height=\"16\" width=\"16\" alt=\"?\" referrerpolicy=\"origin-when-cross-origin\" src=\"https://static.xx.fbcdn.net/images/emoji.php/v9/te0/1/16/1f31f.png\" style=\"border: 0px;\"></span> Adapter và khóa có màu đen, bạc, vàng hồng theo màu máy</div><div dir=\"auto\" style=\"font-family: &quot;Segoe UI Historic&quot;, &quot;Segoe UI&quot;, Helvetica, Arial, sans-serif; color: rgb(5, 5, 5); font-size: 15px; white-space: pre-wrap; background-color: rgb(255, 255, 255);\">+ Size 22-18 cho case apple watch 38,40</div><div dir=\"auto\" style=\"font-family: &quot;Segoe UI Historic&quot;, &quot;Segoe UI&quot;, Helvetica, Arial, sans-serif; color: rgb(5, 5, 5); font-size: 15px; white-space: pre-wrap; background-color: rgb(255, 255, 255);\">+ Size 24-20 cho case apple watch 42,44 </div><div dir=\"auto\" style=\"font-family: &quot;Segoe UI Historic&quot;, &quot;Segoe UI&quot;, Helvetica, Arial, sans-serif; color: rgb(5, 5, 5); font-size: 15px; white-space: pre-wrap; background-color: rgb(255, 255, 255);\"><span class=\"pq6dq46d tbxw36s4 knj5qynh kvgmc6g5 ditlmg2l oygrvhab nvdbi5me sf5mxxl7 gl3lb2sf hhz5lgdu\" style=\"margin: 0px 1px; height: 16px; width: 16px; display: inline-flex; vertical-align: middle; font-family: inherit;\"><img height=\"16\" width=\"16\" alt=\"?\" referrerpolicy=\"origin-when-cross-origin\" src=\"https://static.xx.fbcdn.net/images/emoji.php/v9/t51/1/16/1f449.png\" style=\"border: 0px;\"></span> có điều chỉnh độ dài dây theo kích thước cổ tay</div>','product/avatar/day_da_be_epsome_1.jpg',23,'2021-03-31 14:58:34','2021-04-06 01:17:34',NULL,NULL,1,'day-da-be-epsome-phap-v001-1617646654076','Vàng hoàng gia','Da bê zermat',100),(73,'Xanh Corban màu sáng',510000.00,NULL,'<div dir=\"auto\" style=\"font-family: &quot;Segoe UI Historic&quot;, &quot;Segoe UI&quot;, Helvetica, Arial, sans-serif; color: rgb(5, 5, 5); font-size: 15px; white-space: pre-wrap; background-color: rgb(255, 255, 255);\"><span class=\"pq6dq46d tbxw36s4 knj5qynh kvgmc6g5 ditlmg2l oygrvhab nvdbi5me sf5mxxl7 gl3lb2sf hhz5lgdu\" style=\"margin: 0px 1px; height: 16px; width: 16px; display: inline-flex; vertical-align: middle; font-family: inherit;\"><img height=\"16\" width=\"16\" alt=\"?️\" referrerpolicy=\"origin-when-cross-origin\" src=\"https://static.xx.fbcdn.net/images/emoji.php/v9/t6b/1/16/1f575.png\" style=\"border: 0px;\"></span>Dây da SWIFT H.E.R.M.E.S cho Apple_Watch<span class=\"pq6dq46d tbxw36s4 knj5qynh kvgmc6g5 ditlmg2l oygrvhab nvdbi5me sf5mxxl7 gl3lb2sf hhz5lgdu\" style=\"margin: 0px 1px; height: 16px; width: 16px; display: inline-flex; vertical-align: middle; font-family: inherit;\"><img height=\"16\" width=\"16\" alt=\"⌚️\" referrerpolicy=\"origin-when-cross-origin\" src=\"https://static.xx.fbcdn.net/images/emoji.php/v9/tfa/1/16/231a.png\" style=\"border: 0px;\"></span></div><div dir=\"auto\" style=\"font-family: &quot;Segoe UI Historic&quot;, &quot;Segoe UI&quot;, Helvetica, Arial, sans-serif; color: rgb(5, 5, 5); font-size: 15px; white-space: pre-wrap; background-color: rgb(255, 255, 255);\"><span class=\"pq6dq46d tbxw36s4 knj5qynh kvgmc6g5 ditlmg2l oygrvhab nvdbi5me sf5mxxl7 gl3lb2sf hhz5lgdu\" style=\"margin: 0px 1px; height: 16px; width: 16px; display: inline-flex; vertical-align: middle; font-family: inherit;\"><img height=\"16\" width=\"16\" alt=\"✈\" referrerpolicy=\"origin-when-cross-origin\" src=\"https://static.xx.fbcdn.net/images/emoji.php/v9/tb6/1/16/2708.png\" style=\"border: 0px;\"></span>DA THẬT nhập khẩu từ PHÁP</div><div dir=\"auto\" style=\"font-family: &quot;Segoe UI Historic&quot;, &quot;Segoe UI&quot;, Helvetica, Arial, sans-serif; color: rgb(5, 5, 5); font-size: 15px; white-space: pre-wrap; background-color: rgb(255, 255, 255);\"><span class=\"pq6dq46d tbxw36s4 knj5qynh kvgmc6g5 ditlmg2l oygrvhab nvdbi5me sf5mxxl7 gl3lb2sf hhz5lgdu\" style=\"margin: 0px 1px; height: 16px; width: 16px; display: inline-flex; vertical-align: middle; font-family: inherit;\"><img height=\"16\" width=\"16\" alt=\"✊\" referrerpolicy=\"origin-when-cross-origin\" src=\"https://static.xx.fbcdn.net/images/emoji.php/v9/t5f/1/16/270a.png\" style=\"border: 0px;\"></span>Bảo hành 1 Năm</div><div dir=\"auto\" style=\"font-family: &quot;Segoe UI Historic&quot;, &quot;Segoe UI&quot;, Helvetica, Arial, sans-serif; color: rgb(5, 5, 5); font-size: 15px; white-space: pre-wrap; background-color: rgb(255, 255, 255);\"><span class=\"pq6dq46d tbxw36s4 knj5qynh kvgmc6g5 ditlmg2l oygrvhab nvdbi5me sf5mxxl7 gl3lb2sf hhz5lgdu\" style=\"margin: 0px 1px; height: 16px; width: 16px; display: inline-flex; vertical-align: middle; font-family: inherit;\"><img height=\"16\" width=\"16\" alt=\"?️\" referrerpolicy=\"origin-when-cross-origin\" src=\"https://static.xx.fbcdn.net/images/emoji.php/v9/t6b/1/16/1f575.png\" style=\"border: 0px;\"></span>100% chế tác thủ công, KHÂU TAY tỉ mỉ</div><div dir=\"auto\" style=\"font-family: &quot;Segoe UI Historic&quot;, &quot;Segoe UI&quot;, Helvetica, Arial, sans-serif; color: rgb(5, 5, 5); font-size: 15px; white-space: pre-wrap; background-color: rgb(255, 255, 255);\"><span class=\"pq6dq46d tbxw36s4 knj5qynh kvgmc6g5 ditlmg2l oygrvhab nvdbi5me sf5mxxl7 gl3lb2sf hhz5lgdu\" style=\"margin: 0px 1px; height: 16px; width: 16px; display: inline-flex; vertical-align: middle; font-family: inherit;\"><img height=\"16\" width=\"16\" alt=\"?\" referrerpolicy=\"origin-when-cross-origin\" src=\"https://static.xx.fbcdn.net/images/emoji.php/v9/t47/1/16/1f681.png\" style=\"border: 0px;\"></span>Ship cod toàn quốc.</div>','<div dir=\"auto\" style=\"font-family: &quot;Segoe UI Historic&quot;, &quot;Segoe UI&quot;, Helvetica, Arial, sans-serif; color: rgb(5, 5, 5); font-size: 15px; white-space: pre-wrap; background-color: rgb(255, 255, 255);\"><span class=\"pq6dq46d tbxw36s4 knj5qynh kvgmc6g5 ditlmg2l oygrvhab nvdbi5me sf5mxxl7 gl3lb2sf hhz5lgdu\" style=\"margin: 0px 1px; height: 16px; width: 16px; display: inline-flex; vertical-align: middle; font-family: inherit;\"><img height=\"16\" width=\"16\" alt=\"?\" referrerpolicy=\"origin-when-cross-origin\" src=\"https://static.xx.fbcdn.net/images/emoji.php/v9/te0/1/16/1f31f.png\" style=\"border: 0px;\"></span> Da lót da bê zermat chống thấm mồ hôi</div><div dir=\"auto\" style=\"font-family: &quot;Segoe UI Historic&quot;, &quot;Segoe UI&quot;, Helvetica, Arial, sans-serif; color: rgb(5, 5, 5); font-size: 15px; white-space: pre-wrap; background-color: rgb(255, 255, 255);\"><span class=\"pq6dq46d tbxw36s4 knj5qynh kvgmc6g5 ditlmg2l oygrvhab nvdbi5me sf5mxxl7 gl3lb2sf hhz5lgdu\" style=\"margin: 0px 1px; height: 16px; width: 16px; display: inline-flex; vertical-align: middle; font-family: inherit;\"><img height=\"16\" width=\"16\" alt=\"✊\" referrerpolicy=\"origin-when-cross-origin\" src=\"https://static.xx.fbcdn.net/images/emoji.php/v9/t5f/1/16/270a.png\" style=\"border: 0px;\"></span>Với đặc tính Bền, Ôm tay, Không thấm nước đeo không sợ hôi tay</div><div dir=\"auto\" style=\"font-family: &quot;Segoe UI Historic&quot;, &quot;Segoe UI&quot;, Helvetica, Arial, sans-serif; color: rgb(5, 5, 5); font-size: 15px; white-space: pre-wrap; background-color: rgb(255, 255, 255);\"><span class=\"pq6dq46d tbxw36s4 knj5qynh kvgmc6g5 ditlmg2l oygrvhab nvdbi5me sf5mxxl7 gl3lb2sf hhz5lgdu\" style=\"margin: 0px 1px; height: 16px; width: 16px; display: inline-flex; vertical-align: middle; font-family: inherit;\"><img height=\"16\" width=\"16\" alt=\"?️\" referrerpolicy=\"origin-when-cross-origin\" src=\"https://static.xx.fbcdn.net/images/emoji.php/v9/t6b/1/16/1f575.png\" style=\"border: 0px;\"></span> Kiểu dáng thời trang, tinh tế trong từng đường chỉ, mang lại phong cách mới lạ, sang trọng cho apple-watch của bạn.</div><div dir=\"auto\" style=\"font-family: &quot;Segoe UI Historic&quot;, &quot;Segoe UI&quot;, Helvetica, Arial, sans-serif; color: rgb(5, 5, 5); font-size: 15px; white-space: pre-wrap; background-color: rgb(255, 255, 255);\"><span class=\"pq6dq46d tbxw36s4 knj5qynh kvgmc6g5 ditlmg2l oygrvhab nvdbi5me sf5mxxl7 gl3lb2sf hhz5lgdu\" style=\"margin: 0px 1px; height: 16px; width: 16px; display: inline-flex; vertical-align: middle; font-family: inherit;\"><img height=\"16\" width=\"16\" alt=\"?\" referrerpolicy=\"origin-when-cross-origin\" src=\"https://static.xx.fbcdn.net/images/emoji.php/v9/te0/1/16/1f31f.png\" style=\"border: 0px;\"></span>Đầy đủ các size cho apple watch</div><div dir=\"auto\" style=\"font-family: &quot;Segoe UI Historic&quot;, &quot;Segoe UI&quot;, Helvetica, Arial, sans-serif; color: rgb(5, 5, 5); font-size: 15px; white-space: pre-wrap; background-color: rgb(255, 255, 255);\"><span class=\"pq6dq46d tbxw36s4 knj5qynh kvgmc6g5 ditlmg2l oygrvhab nvdbi5me sf5mxxl7 gl3lb2sf hhz5lgdu\" style=\"margin: 0px 1px; height: 16px; width: 16px; display: inline-flex; vertical-align: middle; font-family: inherit;\"><img height=\"16\" width=\"16\" alt=\"?\" referrerpolicy=\"origin-when-cross-origin\" src=\"https://static.xx.fbcdn.net/images/emoji.php/v9/t77/1/16/1f3e1.png\" style=\"border: 0px;\"></span>251 Giáp Nhất, Nhân Chính, Thanh Xuân, Hà Nội </div><div dir=\"auto\" style=\"font-family: &quot;Segoe UI Historic&quot;, &quot;Segoe UI&quot;, Helvetica, Arial, sans-serif; color: rgb(5, 5, 5); font-size: 15px; white-space: pre-wrap; background-color: rgb(255, 255, 255);\"><span class=\"pq6dq46d tbxw36s4 knj5qynh kvgmc6g5 ditlmg2l oygrvhab nvdbi5me sf5mxxl7 gl3lb2sf hhz5lgdu\" style=\"margin: 0px 1px; height: 16px; width: 16px; display: inline-flex; vertical-align: middle; font-family: inherit;\"><img height=\"16\" width=\"16\" alt=\"☎️\" referrerpolicy=\"origin-when-cross-origin\" src=\"https://static.xx.fbcdn.net/images/emoji.php/v9/t22/1/16/260e.png\" style=\"border: 0px;\"></span>096 580 60 29</div>','product/avatar/xanh-corban-mau-sang-1.jpg',23,'2021-04-04 21:53:38','2021-04-06 01:16:42',NULL,NULL,1,'xanh-corban-mau-sang-1617646601919','Xanh Corban','Da SWIFT H.E.R.M.E.S',100),(74,'Dây khóa bấm đỏ rượu vang',500000.00,NULL,'<div dir=\"auto\" style=\"font-family: &quot;Segoe UI Historic&quot;, &quot;Segoe UI&quot;, Helvetica, Arial, sans-serif; color: rgb(5, 5, 5); font-size: 15px; white-space: pre-wrap; background-color: rgb(255, 255, 255);\"><span class=\"pq6dq46d tbxw36s4 knj5qynh kvgmc6g5 ditlmg2l oygrvhab nvdbi5me sf5mxxl7 gl3lb2sf hhz5lgdu\" style=\"margin: 0px 1px; height: 16px; width: 16px; display: inline-flex; vertical-align: middle; font-family: inherit;\"><img height=\"16\" width=\"16\" alt=\"?️\" referrerpolicy=\"origin-when-cross-origin\" src=\"https://static.xx.fbcdn.net/images/emoji.php/v9/t6b/1/16/1f575.png\" style=\"border: 0px;\"></span>Dây da SWIFT H.E.R.M.E.S cho Apple_Watch<span class=\"pq6dq46d tbxw36s4 knj5qynh kvgmc6g5 ditlmg2l oygrvhab nvdbi5me sf5mxxl7 gl3lb2sf hhz5lgdu\" style=\"margin: 0px 1px; height: 16px; width: 16px; display: inline-flex; vertical-align: middle; font-family: inherit;\"><img height=\"16\" width=\"16\" alt=\"⌚️\" referrerpolicy=\"origin-when-cross-origin\" src=\"https://static.xx.fbcdn.net/images/emoji.php/v9/tfa/1/16/231a.png\" style=\"border: 0px;\"></span></div><div dir=\"auto\" style=\"font-family: &quot;Segoe UI Historic&quot;, &quot;Segoe UI&quot;, Helvetica, Arial, sans-serif; color: rgb(5, 5, 5); font-size: 15px; white-space: pre-wrap; background-color: rgb(255, 255, 255);\"><span class=\"pq6dq46d tbxw36s4 knj5qynh kvgmc6g5 ditlmg2l oygrvhab nvdbi5me sf5mxxl7 gl3lb2sf hhz5lgdu\" style=\"margin: 0px 1px; height: 16px; width: 16px; display: inline-flex; vertical-align: middle; font-family: inherit;\"><img height=\"16\" width=\"16\" alt=\"✈\" referrerpolicy=\"origin-when-cross-origin\" src=\"https://static.xx.fbcdn.net/images/emoji.php/v9/tb6/1/16/2708.png\" style=\"border: 0px;\"></span>DA THẬT nhập khẩu từ PHÁP</div><div dir=\"auto\" style=\"font-family: &quot;Segoe UI Historic&quot;, &quot;Segoe UI&quot;, Helvetica, Arial, sans-serif; color: rgb(5, 5, 5); font-size: 15px; white-space: pre-wrap; background-color: rgb(255, 255, 255);\"><span class=\"pq6dq46d tbxw36s4 knj5qynh kvgmc6g5 ditlmg2l oygrvhab nvdbi5me sf5mxxl7 gl3lb2sf hhz5lgdu\" style=\"margin: 0px 1px; height: 16px; width: 16px; display: inline-flex; vertical-align: middle; font-family: inherit;\"><img height=\"16\" width=\"16\" alt=\"✊\" referrerpolicy=\"origin-when-cross-origin\" src=\"https://static.xx.fbcdn.net/images/emoji.php/v9/t5f/1/16/270a.png\" style=\"border: 0px;\"></span>Bảo hành 1 Năm</div><div dir=\"auto\" style=\"font-family: &quot;Segoe UI Historic&quot;, &quot;Segoe UI&quot;, Helvetica, Arial, sans-serif; color: rgb(5, 5, 5); font-size: 15px; white-space: pre-wrap; background-color: rgb(255, 255, 255);\"><span class=\"pq6dq46d tbxw36s4 knj5qynh kvgmc6g5 ditlmg2l oygrvhab nvdbi5me sf5mxxl7 gl3lb2sf hhz5lgdu\" style=\"margin: 0px 1px; height: 16px; width: 16px; display: inline-flex; vertical-align: middle; font-family: inherit;\"><img height=\"16\" width=\"16\" alt=\"?️\" referrerpolicy=\"origin-when-cross-origin\" src=\"https://static.xx.fbcdn.net/images/emoji.php/v9/t6b/1/16/1f575.png\" style=\"border: 0px;\"></span>100% chế tác thủ công, KHÂU TAY tỉ mỉ</div><div dir=\"auto\" style=\"font-family: &quot;Segoe UI Historic&quot;, &quot;Segoe UI&quot;, Helvetica, Arial, sans-serif; color: rgb(5, 5, 5); font-size: 15px; white-space: pre-wrap; background-color: rgb(255, 255, 255);\"><span class=\"pq6dq46d tbxw36s4 knj5qynh kvgmc6g5 ditlmg2l oygrvhab nvdbi5me sf5mxxl7 gl3lb2sf hhz5lgdu\" style=\"margin: 0px 1px; height: 16px; width: 16px; display: inline-flex; vertical-align: middle; font-family: inherit;\"><img height=\"16\" width=\"16\" alt=\"?\" referrerpolicy=\"origin-when-cross-origin\" src=\"https://static.xx.fbcdn.net/images/emoji.php/v9/t47/1/16/1f681.png\" style=\"border: 0px;\"></span>Ship cod toàn quốc.</div>','<div dir=\"auto\" style=\"font-family: &quot;Segoe UI Historic&quot;, &quot;Segoe UI&quot;, Helvetica, Arial, sans-serif; color: rgb(5, 5, 5); font-size: 15px; white-space: pre-wrap; background-color: rgb(255, 255, 255);\"><span class=\"pq6dq46d tbxw36s4 knj5qynh kvgmc6g5 ditlmg2l oygrvhab nvdbi5me sf5mxxl7 gl3lb2sf hhz5lgdu\" style=\"margin: 0px 1px; height: 16px; width: 16px; display: inline-flex; vertical-align: middle; font-family: inherit;\"><img height=\"16\" width=\"16\" alt=\"?\" referrerpolicy=\"origin-when-cross-origin\" src=\"https://static.xx.fbcdn.net/images/emoji.php/v9/te0/1/16/1f31f.png\" style=\"border: 0px;\"></span> Da lót da bê zermat chống thấm mồ hôi</div><div dir=\"auto\" style=\"font-family: &quot;Segoe UI Historic&quot;, &quot;Segoe UI&quot;, Helvetica, Arial, sans-serif; color: rgb(5, 5, 5); font-size: 15px; white-space: pre-wrap; background-color: rgb(255, 255, 255);\"><span class=\"pq6dq46d tbxw36s4 knj5qynh kvgmc6g5 ditlmg2l oygrvhab nvdbi5me sf5mxxl7 gl3lb2sf hhz5lgdu\" style=\"margin: 0px 1px; height: 16px; width: 16px; display: inline-flex; vertical-align: middle; font-family: inherit;\"><img height=\"16\" width=\"16\" alt=\"✊\" referrerpolicy=\"origin-when-cross-origin\" src=\"https://static.xx.fbcdn.net/images/emoji.php/v9/t5f/1/16/270a.png\" style=\"border: 0px;\"></span>Với đặc tính Bền, Ôm tay, Không thấm nước đeo không sợ hôi tay</div><div dir=\"auto\" style=\"font-family: &quot;Segoe UI Historic&quot;, &quot;Segoe UI&quot;, Helvetica, Arial, sans-serif; color: rgb(5, 5, 5); font-size: 15px; white-space: pre-wrap; background-color: rgb(255, 255, 255);\"><span class=\"pq6dq46d tbxw36s4 knj5qynh kvgmc6g5 ditlmg2l oygrvhab nvdbi5me sf5mxxl7 gl3lb2sf hhz5lgdu\" style=\"margin: 0px 1px; height: 16px; width: 16px; display: inline-flex; vertical-align: middle; font-family: inherit;\"><img height=\"16\" width=\"16\" alt=\"?️\" referrerpolicy=\"origin-when-cross-origin\" src=\"https://static.xx.fbcdn.net/images/emoji.php/v9/t6b/1/16/1f575.png\" style=\"border: 0px;\"></span> Kiểu dáng thời trang, tinh tế trong từng đường chỉ, mang lại phong cách mới lạ, sang trọng cho apple-watch của bạn.</div><div dir=\"auto\" style=\"font-family: &quot;Segoe UI Historic&quot;, &quot;Segoe UI&quot;, Helvetica, Arial, sans-serif; color: rgb(5, 5, 5); font-size: 15px; white-space: pre-wrap; background-color: rgb(255, 255, 255);\"><span class=\"pq6dq46d tbxw36s4 knj5qynh kvgmc6g5 ditlmg2l oygrvhab nvdbi5me sf5mxxl7 gl3lb2sf hhz5lgdu\" style=\"margin: 0px 1px; height: 16px; width: 16px; display: inline-flex; vertical-align: middle; font-family: inherit;\"><img height=\"16\" width=\"16\" alt=\"?\" referrerpolicy=\"origin-when-cross-origin\" src=\"https://static.xx.fbcdn.net/images/emoji.php/v9/te0/1/16/1f31f.png\" style=\"border: 0px;\"></span>Đầy đủ các size cho apple watch</div><div dir=\"auto\" style=\"font-family: &quot;Segoe UI Historic&quot;, &quot;Segoe UI&quot;, Helvetica, Arial, sans-serif; color: rgb(5, 5, 5); font-size: 15px; white-space: pre-wrap; background-color: rgb(255, 255, 255);\"><span class=\"pq6dq46d tbxw36s4 knj5qynh kvgmc6g5 ditlmg2l oygrvhab nvdbi5me sf5mxxl7 gl3lb2sf hhz5lgdu\" style=\"margin: 0px 1px; height: 16px; width: 16px; display: inline-flex; vertical-align: middle; font-family: inherit;\"><img height=\"16\" width=\"16\" alt=\"?\" referrerpolicy=\"origin-when-cross-origin\" src=\"https://static.xx.fbcdn.net/images/emoji.php/v9/t77/1/16/1f3e1.png\" style=\"border: 0px;\"></span>251 Giáp Nhất, Nhân Chính, Thanh Xuân, Hà Nội </div><div dir=\"auto\" style=\"font-family: &quot;Segoe UI Historic&quot;, &quot;Segoe UI&quot;, Helvetica, Arial, sans-serif; color: rgb(5, 5, 5); font-size: 15px; white-space: pre-wrap; background-color: rgb(255, 255, 255);\"><span class=\"pq6dq46d tbxw36s4 knj5qynh kvgmc6g5 ditlmg2l oygrvhab nvdbi5me sf5mxxl7 gl3lb2sf hhz5lgdu\" style=\"margin: 0px 1px; height: 16px; width: 16px; display: inline-flex; vertical-align: middle; font-family: inherit;\"><img height=\"16\" width=\"16\" alt=\"☎️\" referrerpolicy=\"origin-when-cross-origin\" src=\"https://static.xx.fbcdn.net/images/emoji.php/v9/t22/1/16/260e.png\" style=\"border: 0px;\"></span>096 580 60 29</div>','product/avatar/day-khoa-bam-do-ruou-vang-1.jpg',23,'2021-04-04 21:58:05','2021-04-06 01:16:13',NULL,NULL,1,'day-khoa-bam-o-ruou-vang-1617646572990','Đỏ rượu vang','Da swift H.E.R.M.E.S',100),(75,'Dây da cam và trắng ngọc',510000.00,NULL,'<div dir=\"auto\" style=\"font-family: &quot;Segoe UI Historic&quot;, &quot;Segoe UI&quot;, Helvetica, Arial, sans-serif; color: rgb(5, 5, 5); font-size: 15px; white-space: pre-wrap; background-color: rgb(255, 255, 255);\"><span class=\"pq6dq46d tbxw36s4 knj5qynh kvgmc6g5 ditlmg2l oygrvhab nvdbi5me sf5mxxl7 gl3lb2sf hhz5lgdu\" style=\"margin: 0px 1px; height: 16px; width: 16px; display: inline-flex; vertical-align: middle; font-family: inherit;\"><img height=\"16\" width=\"16\" alt=\"✅\" referrerpolicy=\"origin-when-cross-origin\" src=\"https://static.xx.fbcdn.net/images/emoji.php/v9/t33/1/16/2705.png\" style=\"border: 0px;\"></span> Da nhập khẩu Pháp chuẩn hãng H.e.r.m.e.s</div><div dir=\"auto\" style=\"font-family: &quot;Segoe UI Historic&quot;, &quot;Segoe UI&quot;, Helvetica, Arial, sans-serif; color: rgb(5, 5, 5); font-size: 15px; white-space: pre-wrap; background-color: rgb(255, 255, 255);\"><span class=\"pq6dq46d tbxw36s4 knj5qynh kvgmc6g5 ditlmg2l oygrvhab nvdbi5me sf5mxxl7 gl3lb2sf hhz5lgdu\" style=\"margin: 0px 1px; height: 16px; width: 16px; display: inline-flex; vertical-align: middle; font-family: inherit;\"><img height=\"16\" width=\"16\" alt=\"✅\" referrerpolicy=\"origin-when-cross-origin\" src=\"https://static.xx.fbcdn.net/images/emoji.php/v9/t33/1/16/2705.png\" style=\"border: 0px;\"></span> Thủ công từng đường kim</div><div dir=\"auto\" style=\"font-family: &quot;Segoe UI Historic&quot;, &quot;Segoe UI&quot;, Helvetica, Arial, sans-serif; color: rgb(5, 5, 5); font-size: 15px; white-space: pre-wrap; background-color: rgb(255, 255, 255);\"><span class=\"pq6dq46d tbxw36s4 knj5qynh kvgmc6g5 ditlmg2l oygrvhab nvdbi5me sf5mxxl7 gl3lb2sf hhz5lgdu\" style=\"margin: 0px 1px; height: 16px; width: 16px; display: inline-flex; vertical-align: middle; font-family: inherit;\"><img height=\"16\" width=\"16\" alt=\"✅\" referrerpolicy=\"origin-when-cross-origin\" src=\"https://static.xx.fbcdn.net/images/emoji.php/v9/t33/1/16/2705.png\" style=\"border: 0px;\"></span> Lót zermat chống bai giãn, chống thấm</div><div dir=\"auto\" style=\"font-family: &quot;Segoe UI Historic&quot;, &quot;Segoe UI&quot;, Helvetica, Arial, sans-serif; color: rgb(5, 5, 5); font-size: 15px; white-space: pre-wrap; background-color: rgb(255, 255, 255);\"><span class=\"pq6dq46d tbxw36s4 knj5qynh kvgmc6g5 ditlmg2l oygrvhab nvdbi5me sf5mxxl7 gl3lb2sf hhz5lgdu\" style=\"margin: 0px 1px; height: 16px; width: 16px; display: inline-flex; vertical-align: middle; font-family: inherit;\"><img height=\"16\" width=\"16\" alt=\"♥️\" referrerpolicy=\"origin-when-cross-origin\" src=\"https://static.xx.fbcdn.net/images/emoji.php/v9/tac/1/16/2665.png\" style=\"border: 0px;\"></span> Đủ size cho apple watch</div>','<div dir=\"auto\" style=\"font-family: &quot;Segoe UI Historic&quot;, &quot;Segoe UI&quot;, Helvetica, Arial, sans-serif; color: rgb(5, 5, 5); font-size: 15px; white-space: pre-wrap; background-color: rgb(255, 255, 255);\">+ Size 22-18 cho case apple watch 38,40</div><div dir=\"auto\" style=\"font-family: &quot;Segoe UI Historic&quot;, &quot;Segoe UI&quot;, Helvetica, Arial, sans-serif; color: rgb(5, 5, 5); font-size: 15px; white-space: pre-wrap; background-color: rgb(255, 255, 255);\">+ Size 24-20 cho case apple watch 42,44 </div><div dir=\"auto\" style=\"font-family: &quot;Segoe UI Historic&quot;, &quot;Segoe UI&quot;, Helvetica, Arial, sans-serif; color: rgb(5, 5, 5); font-size: 15px; white-space: pre-wrap; background-color: rgb(255, 255, 255);\">Thêm khóa bướm chống gập +100k, khắc tên + 50k </div><div dir=\"auto\" style=\"font-family: &quot;Segoe UI Historic&quot;, &quot;Segoe UI&quot;, Helvetica, Arial, sans-serif; color: rgb(5, 5, 5); font-size: 15px; white-space: pre-wrap; background-color: rgb(255, 255, 255);\"><span class=\"pq6dq46d tbxw36s4 knj5qynh kvgmc6g5 ditlmg2l oygrvhab nvdbi5me sf5mxxl7 gl3lb2sf hhz5lgdu\" style=\"margin: 0px 1px; height: 16px; width: 16px; display: inline-flex; vertical-align: middle; font-family: inherit;\"><img height=\"16\" width=\"16\" alt=\"?\" referrerpolicy=\"origin-when-cross-origin\" src=\"https://static.xx.fbcdn.net/images/emoji.php/v9/t51/1/16/1f449.png\" style=\"border: 0px;\"></span> có điều chỉnh độ dài dây theo kích thước cổ tay</div><div dir=\"auto\" style=\"font-family: &quot;Segoe UI Historic&quot;, &quot;Segoe UI&quot;, Helvetica, Arial, sans-serif; color: rgb(5, 5, 5); font-size: 15px; white-space: pre-wrap; background-color: rgb(255, 255, 255);\"><span class=\"pq6dq46d tbxw36s4 knj5qynh kvgmc6g5 ditlmg2l oygrvhab nvdbi5me sf5mxxl7 gl3lb2sf hhz5lgdu\" style=\"margin: 0px 1px; height: 16px; width: 16px; display: inline-flex; vertical-align: middle; font-family: inherit;\"><img height=\"16\" width=\"16\" alt=\"?\" referrerpolicy=\"origin-when-cross-origin\" src=\"https://static.xx.fbcdn.net/images/emoji.php/v9/t77/1/16/1f3e1.png\" style=\"border: 0px;\"></span>251 Giáp Nhất, Nhân Chính, Thanh Xuân, Hà Nội </div><div dir=\"auto\" style=\"font-family: &quot;Segoe UI Historic&quot;, &quot;Segoe UI&quot;, Helvetica, Arial, sans-serif; color: rgb(5, 5, 5); font-size: 15px; white-space: pre-wrap; background-color: rgb(255, 255, 255);\"><span class=\"pq6dq46d tbxw36s4 knj5qynh kvgmc6g5 ditlmg2l oygrvhab nvdbi5me sf5mxxl7 gl3lb2sf hhz5lgdu\" style=\"margin: 0px 1px; height: 16px; width: 16px; display: inline-flex; vertical-align: middle; font-family: inherit;\"><img height=\"16\" width=\"16\" alt=\"☎️\" referrerpolicy=\"origin-when-cross-origin\" src=\"https://static.xx.fbcdn.net/images/emoji.php/v9/t22/1/16/260e.png\" style=\"border: 0px;\"></span>096 580 60 29</div>','product/avatar/day-da-cam-va-trang-ngoc.jpg',23,'2021-04-04 22:04:44','2021-04-06 01:15:38',NULL,NULL,1,'day-da-cam-va-trang-ngoc-1617646538099','Cam phối trắng ngọc','Da bê Pháp',100),(76,'Dây da EPSOME NÂU TÂY VINTAGE',530000.00,NULL,'<div class=\"kvgmc6g5 cxmmr5t8 oygrvhab hcukyx3x c1et5uql ii04i59q\" style=\"overflow-wrap: break-word; margin: 0px; white-space: pre-wrap; font-family: &quot;Segoe UI Historic&quot;, &quot;Segoe UI&quot;, Helvetica, Arial, sans-serif; color: rgb(5, 5, 5); font-size: 15px; background-color: rgb(255, 255, 255);\"><div dir=\"auto\" style=\"font-family: inherit;\"><span class=\"pq6dq46d tbxw36s4 knj5qynh kvgmc6g5 ditlmg2l oygrvhab nvdbi5me sf5mxxl7 gl3lb2sf hhz5lgdu\" style=\"margin: 0px 1px; height: 16px; width: 16px; display: inline-flex; vertical-align: middle; font-family: inherit;\"><img height=\"16\" width=\"16\" alt=\"?\" referrerpolicy=\"origin-when-cross-origin\" src=\"https://static.xx.fbcdn.net/images/emoji.php/v9/tba/1/16/1f4e3.png\" style=\"border: 0px;\"></span><span class=\"pq6dq46d tbxw36s4 knj5qynh kvgmc6g5 ditlmg2l oygrvhab nvdbi5me sf5mxxl7 gl3lb2sf hhz5lgdu\" style=\"margin: 0px 1px; height: 16px; width: 16px; display: inline-flex; vertical-align: middle; font-family: inherit;\"><img height=\"16\" width=\"16\" alt=\"?\" referrerpolicy=\"origin-when-cross-origin\" src=\"https://static.xx.fbcdn.net/images/emoji.php/v9/tba/1/16/1f4e3.png\" style=\"border: 0px;\"></span>EPSOME NÂU TÂY VINTAGE  <span class=\"pq6dq46d tbxw36s4 knj5qynh kvgmc6g5 ditlmg2l oygrvhab nvdbi5me sf5mxxl7 gl3lb2sf hhz5lgdu\" style=\"margin: 0px 1px; height: 16px; width: 16px; display: inline-flex; vertical-align: middle; font-family: inherit;\"><img height=\"16\" width=\"16\" alt=\"?\" referrerpolicy=\"origin-when-cross-origin\" src=\"https://static.xx.fbcdn.net/images/emoji.php/v9/tba/1/16/1f4e3.png\" style=\"border: 0px;\"></span><span class=\"pq6dq46d tbxw36s4 knj5qynh kvgmc6g5 ditlmg2l oygrvhab nvdbi5me sf5mxxl7 gl3lb2sf hhz5lgdu\" style=\"margin: 0px 1px; height: 16px; width: 16px; display: inline-flex; vertical-align: middle; font-family: inherit;\"><img height=\"16\" width=\"16\" alt=\"?\" referrerpolicy=\"origin-when-cross-origin\" src=\"https://static.xx.fbcdn.net/images/emoji.php/v9/tba/1/16/1f4e3.png\" style=\"border: 0px;\"></span></div></div><div class=\"o9v6fnle cxmmr5t8 oygrvhab hcukyx3x c1et5uql ii04i59q\" style=\"overflow-wrap: break-word; margin: 0.5em 0px 0px; white-space: pre-wrap; font-family: &quot;Segoe UI Historic&quot;, &quot;Segoe UI&quot;, Helvetica, Arial, sans-serif; color: rgb(5, 5, 5); font-size: 15px; background-color: rgb(255, 255, 255);\"><div dir=\"auto\" style=\"font-family: inherit;\"><span class=\"pq6dq46d tbxw36s4 knj5qynh kvgmc6g5 ditlmg2l oygrvhab nvdbi5me sf5mxxl7 gl3lb2sf hhz5lgdu\" style=\"margin: 0px 1px; height: 16px; width: 16px; display: inline-flex; vertical-align: middle; font-family: inherit;\"><img height=\"16\" width=\"16\" alt=\"✅\" referrerpolicy=\"origin-when-cross-origin\" src=\"https://static.xx.fbcdn.net/images/emoji.php/v9/t33/1/16/2705.png\" style=\"border: 0px;\"></span> Da nhập khẩu Pháp chuẩn hãng H.e.r.m.e.s</div><div dir=\"auto\" style=\"font-family: inherit;\"><span class=\"pq6dq46d tbxw36s4 knj5qynh kvgmc6g5 ditlmg2l oygrvhab nvdbi5me sf5mxxl7 gl3lb2sf hhz5lgdu\" style=\"margin: 0px 1px; height: 16px; width: 16px; display: inline-flex; vertical-align: middle; font-family: inherit;\"><img height=\"16\" width=\"16\" alt=\"✅\" referrerpolicy=\"origin-when-cross-origin\" src=\"https://static.xx.fbcdn.net/images/emoji.php/v9/t33/1/16/2705.png\" style=\"border: 0px;\"></span> Thủ công từng đường kim</div><div dir=\"auto\" style=\"font-family: inherit;\"><span class=\"pq6dq46d tbxw36s4 knj5qynh kvgmc6g5 ditlmg2l oygrvhab nvdbi5me sf5mxxl7 gl3lb2sf hhz5lgdu\" style=\"margin: 0px 1px; height: 16px; width: 16px; display: inline-flex; vertical-align: middle; font-family: inherit;\"><img height=\"16\" width=\"16\" alt=\"✅\" referrerpolicy=\"origin-when-cross-origin\" src=\"https://static.xx.fbcdn.net/images/emoji.php/v9/t33/1/16/2705.png\" style=\"border: 0px;\"></span> Lót zermat chống bai giãn, chống thấm</div><div dir=\"auto\" style=\"font-family: inherit;\"><span class=\"pq6dq46d tbxw36s4 knj5qynh kvgmc6g5 ditlmg2l oygrvhab nvdbi5me sf5mxxl7 gl3lb2sf hhz5lgdu\" style=\"margin: 0px 1px; height: 16px; width: 16px; display: inline-flex; vertical-align: middle; font-family: inherit;\"><img height=\"16\" width=\"16\" alt=\"♥️\" referrerpolicy=\"origin-when-cross-origin\" src=\"https://static.xx.fbcdn.net/images/emoji.php/v9/tac/1/16/2665.png\" style=\"border: 0px;\"></span> Đủ size cho apple watch</div></div>','<div dir=\"auto\" style=\"font-family: &quot;Segoe UI Historic&quot;, &quot;Segoe UI&quot;, Helvetica, Arial, sans-serif; color: rgb(5, 5, 5); font-size: 15px; white-space: pre-wrap; background-color: rgb(255, 255, 255);\"><span class=\"pq6dq46d tbxw36s4 knj5qynh kvgmc6g5 ditlmg2l oygrvhab nvdbi5me sf5mxxl7 gl3lb2sf hhz5lgdu\" style=\"margin: 0px 1px; height: 16px; width: 16px; display: inline-flex; vertical-align: middle; font-family: inherit;\"><img height=\"16\" width=\"16\" alt=\"?\" referrerpolicy=\"origin-when-cross-origin\" src=\"https://static.xx.fbcdn.net/images/emoji.php/v9/te0/1/16/1f31f.png\" style=\"border: 0px;\"></span> Da lót da bê zermat chống thấm mồ hôi</div><div dir=\"auto\" style=\"font-family: &quot;Segoe UI Historic&quot;, &quot;Segoe UI&quot;, Helvetica, Arial, sans-serif; color: rgb(5, 5, 5); font-size: 15px; white-space: pre-wrap; background-color: rgb(255, 255, 255);\"><span class=\"pq6dq46d tbxw36s4 knj5qynh kvgmc6g5 ditlmg2l oygrvhab nvdbi5me sf5mxxl7 gl3lb2sf hhz5lgdu\" style=\"margin: 0px 1px; height: 16px; width: 16px; display: inline-flex; vertical-align: middle; font-family: inherit;\"><img height=\"16\" width=\"16\" alt=\"✊\" referrerpolicy=\"origin-when-cross-origin\" src=\"https://static.xx.fbcdn.net/images/emoji.php/v9/t5f/1/16/270a.png\" style=\"border: 0px;\"></span>Với đặc tính Bền, Ôm tay, Không thấm nước đeo không sợ hôi tay</div><div dir=\"auto\" style=\"font-family: &quot;Segoe UI Historic&quot;, &quot;Segoe UI&quot;, Helvetica, Arial, sans-serif; color: rgb(5, 5, 5); font-size: 15px; white-space: pre-wrap; background-color: rgb(255, 255, 255);\"><span class=\"pq6dq46d tbxw36s4 knj5qynh kvgmc6g5 ditlmg2l oygrvhab nvdbi5me sf5mxxl7 gl3lb2sf hhz5lgdu\" style=\"margin: 0px 1px; height: 16px; width: 16px; display: inline-flex; vertical-align: middle; font-family: inherit;\"><img height=\"16\" width=\"16\" alt=\"?️\" referrerpolicy=\"origin-when-cross-origin\" src=\"https://static.xx.fbcdn.net/images/emoji.php/v9/t6b/1/16/1f575.png\" style=\"border: 0px;\"></span> Kiểu dáng thời trang, tinh tế trong từng đường chỉ, mang lại phong cách mới lạ, sang trọng cho apple-watch của bạn.</div><div dir=\"auto\" style=\"font-family: &quot;Segoe UI Historic&quot;, &quot;Segoe UI&quot;, Helvetica, Arial, sans-serif; color: rgb(5, 5, 5); font-size: 15px; white-space: pre-wrap; background-color: rgb(255, 255, 255);\"><span class=\"pq6dq46d tbxw36s4 knj5qynh kvgmc6g5 ditlmg2l oygrvhab nvdbi5me sf5mxxl7 gl3lb2sf hhz5lgdu\" style=\"margin: 0px 1px; height: 16px; width: 16px; display: inline-flex; vertical-align: middle; font-family: inherit;\"><img height=\"16\" width=\"16\" alt=\"?\" referrerpolicy=\"origin-when-cross-origin\" src=\"https://static.xx.fbcdn.net/images/emoji.php/v9/te0/1/16/1f31f.png\" style=\"border: 0px;\"></span>Đầy đủ các size cho apple watch</div><div dir=\"auto\" style=\"font-family: &quot;Segoe UI Historic&quot;, &quot;Segoe UI&quot;, Helvetica, Arial, sans-serif; color: rgb(5, 5, 5); font-size: 15px; white-space: pre-wrap; background-color: rgb(255, 255, 255);\"><span class=\"pq6dq46d tbxw36s4 knj5qynh kvgmc6g5 ditlmg2l oygrvhab nvdbi5me sf5mxxl7 gl3lb2sf hhz5lgdu\" style=\"margin: 0px 1px; height: 16px; width: 16px; display: inline-flex; vertical-align: middle; font-family: inherit;\"><img height=\"16\" width=\"16\" alt=\"?\" referrerpolicy=\"origin-when-cross-origin\" src=\"https://static.xx.fbcdn.net/images/emoji.php/v9/t77/1/16/1f3e1.png\" style=\"border: 0px;\"></span>251 Giáp Nhất, Nhân Chính, Thanh Xuân, Hà Nội </div><div dir=\"auto\" style=\"font-family: &quot;Segoe UI Historic&quot;, &quot;Segoe UI&quot;, Helvetica, Arial, sans-serif; color: rgb(5, 5, 5); font-size: 15px; white-space: pre-wrap; background-color: rgb(255, 255, 255);\"><span class=\"pq6dq46d tbxw36s4 knj5qynh kvgmc6g5 ditlmg2l oygrvhab nvdbi5me sf5mxxl7 gl3lb2sf hhz5lgdu\" style=\"margin: 0px 1px; height: 16px; width: 16px; display: inline-flex; vertical-align: middle; font-family: inherit;\"><img height=\"16\" width=\"16\" alt=\"☎️\" referrerpolicy=\"origin-when-cross-origin\" src=\"https://static.xx.fbcdn.net/images/emoji.php/v9/t22/1/16/260e.png\" style=\"border: 0px;\"></span>096 580 60 29</div>','product/avatar/nau-tay-1.jpg',23,'2021-04-04 22:15:14','2021-04-06 01:14:55',NULL,NULL,1,'day-da-epsome-nau-tay-vintage-1617646495189','Nâu tây VINTAGE','Da bê Pháp',100),(77,'Dây da EPSOME nâu',500000.00,NULL,'<div dir=\"auto\" style=\"font-family: &quot;Segoe UI Historic&quot;, &quot;Segoe UI&quot;, Helvetica, Arial, sans-serif; color: rgb(5, 5, 5); font-size: 15px; white-space: pre-wrap; background-color: rgb(255, 255, 255);\"><span class=\"pq6dq46d tbxw36s4 knj5qynh kvgmc6g5 ditlmg2l oygrvhab nvdbi5me sf5mxxl7 gl3lb2sf hhz5lgdu\" style=\"margin: 0px 1px; height: 16px; width: 16px; display: inline-flex; vertical-align: middle; font-family: inherit;\"><img height=\"16\" width=\"16\" alt=\"✊\" referrerpolicy=\"origin-when-cross-origin\" src=\"https://static.xx.fbcdn.net/images/emoji.php/v9/t5f/1/16/270a.png\" style=\"border: 0px;\"></span>Với đặc tính Bền, Ôm tay, Không thấm nước đeo không sợ hôi tay</div><div dir=\"auto\" style=\"font-family: &quot;Segoe UI Historic&quot;, &quot;Segoe UI&quot;, Helvetica, Arial, sans-serif; color: rgb(5, 5, 5); font-size: 15px; white-space: pre-wrap; background-color: rgb(255, 255, 255);\"><span class=\"pq6dq46d tbxw36s4 knj5qynh kvgmc6g5 ditlmg2l oygrvhab nvdbi5me sf5mxxl7 gl3lb2sf hhz5lgdu\" style=\"margin: 0px 1px; height: 16px; width: 16px; display: inline-flex; vertical-align: middle; font-family: inherit;\"><img height=\"16\" width=\"16\" alt=\"?️\" referrerpolicy=\"origin-when-cross-origin\" src=\"https://static.xx.fbcdn.net/images/emoji.php/v9/t6b/1/16/1f575.png\" style=\"border: 0px;\"></span> Kiểu dáng thời trang, tinh tế trong từng đường chỉ, mang lại phong cách mới lạ, sang trọng cho apple-watch của bạn.</div><div dir=\"auto\" style=\"font-family: &quot;Segoe UI Historic&quot;, &quot;Segoe UI&quot;, Helvetica, Arial, sans-serif; color: rgb(5, 5, 5); font-size: 15px; white-space: pre-wrap; background-color: rgb(255, 255, 255);\"><span class=\"pq6dq46d tbxw36s4 knj5qynh kvgmc6g5 ditlmg2l oygrvhab nvdbi5me sf5mxxl7 gl3lb2sf hhz5lgdu\" style=\"margin: 0px 1px; height: 16px; width: 16px; display: inline-flex; vertical-align: middle; font-family: inherit;\"><img height=\"16\" width=\"16\" alt=\"?\" referrerpolicy=\"origin-when-cross-origin\" src=\"https://static.xx.fbcdn.net/images/emoji.php/v9/te0/1/16/1f31f.png\" style=\"border: 0px;\"></span>Đầy đủ các size cho apple watch</div>','<div dir=\"auto\" style=\"font-family: &quot;Segoe UI Historic&quot;, &quot;Segoe UI&quot;, Helvetica, Arial, sans-serif; color: rgb(5, 5, 5); font-size: 15px; white-space: pre-wrap; background-color: rgb(255, 255, 255);\"><span class=\"pq6dq46d tbxw36s4 knj5qynh kvgmc6g5 ditlmg2l oygrvhab nvdbi5me sf5mxxl7 gl3lb2sf hhz5lgdu\" style=\"margin: 0px 1px; height: 16px; width: 16px; display: inline-flex; vertical-align: middle; font-family: inherit;\"><img height=\"16\" width=\"16\" alt=\"?\" referrerpolicy=\"origin-when-cross-origin\" src=\"https://static.xx.fbcdn.net/images/emoji.php/v9/te0/1/16/1f31f.png\" style=\"border: 0px;\"></span> Da lót da bê zermat chống thấm mồ hôi</div><div dir=\"auto\" style=\"font-family: &quot;Segoe UI Historic&quot;, &quot;Segoe UI&quot;, Helvetica, Arial, sans-serif; color: rgb(5, 5, 5); font-size: 15px; white-space: pre-wrap; background-color: rgb(255, 255, 255);\"><span class=\"pq6dq46d tbxw36s4 knj5qynh kvgmc6g5 ditlmg2l oygrvhab nvdbi5me sf5mxxl7 gl3lb2sf hhz5lgdu\" style=\"margin: 0px 1px; height: 16px; width: 16px; display: inline-flex; vertical-align: middle; font-family: inherit;\"><img height=\"16\" width=\"16\" alt=\"✊\" referrerpolicy=\"origin-when-cross-origin\" src=\"https://static.xx.fbcdn.net/images/emoji.php/v9/t5f/1/16/270a.png\" style=\"border: 0px;\"></span>Với đặc tính Bền, Ôm tay, Không thấm nước đeo không sợ hôi tay</div><div dir=\"auto\" style=\"font-family: &quot;Segoe UI Historic&quot;, &quot;Segoe UI&quot;, Helvetica, Arial, sans-serif; color: rgb(5, 5, 5); font-size: 15px; white-space: pre-wrap; background-color: rgb(255, 255, 255);\"><span class=\"pq6dq46d tbxw36s4 knj5qynh kvgmc6g5 ditlmg2l oygrvhab nvdbi5me sf5mxxl7 gl3lb2sf hhz5lgdu\" style=\"margin: 0px 1px; height: 16px; width: 16px; display: inline-flex; vertical-align: middle; font-family: inherit;\"><img height=\"16\" width=\"16\" alt=\"?️\" referrerpolicy=\"origin-when-cross-origin\" src=\"https://static.xx.fbcdn.net/images/emoji.php/v9/t6b/1/16/1f575.png\" style=\"border: 0px;\"></span> Kiểu dáng thời trang, tinh tế trong từng đường chỉ, mang lại phong cách mới lạ, sang trọng cho apple-watch của bạn.</div><div dir=\"auto\" style=\"font-family: &quot;Segoe UI Historic&quot;, &quot;Segoe UI&quot;, Helvetica, Arial, sans-serif; color: rgb(5, 5, 5); font-size: 15px; white-space: pre-wrap; background-color: rgb(255, 255, 255);\"><span class=\"pq6dq46d tbxw36s4 knj5qynh kvgmc6g5 ditlmg2l oygrvhab nvdbi5me sf5mxxl7 gl3lb2sf hhz5lgdu\" style=\"margin: 0px 1px; height: 16px; width: 16px; display: inline-flex; vertical-align: middle; font-family: inherit;\"><img height=\"16\" width=\"16\" alt=\"?\" referrerpolicy=\"origin-when-cross-origin\" src=\"https://static.xx.fbcdn.net/images/emoji.php/v9/te0/1/16/1f31f.png\" style=\"border: 0px;\"></span>Đầy đủ các size cho apple watch</div><div dir=\"auto\" style=\"font-family: &quot;Segoe UI Historic&quot;, &quot;Segoe UI&quot;, Helvetica, Arial, sans-serif; color: rgb(5, 5, 5); font-size: 15px; white-space: pre-wrap; background-color: rgb(255, 255, 255);\"><span class=\"pq6dq46d tbxw36s4 knj5qynh kvgmc6g5 ditlmg2l oygrvhab nvdbi5me sf5mxxl7 gl3lb2sf hhz5lgdu\" style=\"margin: 0px 1px; height: 16px; width: 16px; display: inline-flex; vertical-align: middle; font-family: inherit;\"><img height=\"16\" width=\"16\" alt=\"?\" referrerpolicy=\"origin-when-cross-origin\" src=\"https://static.xx.fbcdn.net/images/emoji.php/v9/t77/1/16/1f3e1.png\" style=\"border: 0px;\"></span>251 Giáp Nhất, Nhân Chính, Thanh Xuân, Hà Nội </div><div dir=\"auto\" style=\"font-family: &quot;Segoe UI Historic&quot;, &quot;Segoe UI&quot;, Helvetica, Arial, sans-serif; color: rgb(5, 5, 5); font-size: 15px; white-space: pre-wrap; background-color: rgb(255, 255, 255);\"><span class=\"pq6dq46d tbxw36s4 knj5qynh kvgmc6g5 ditlmg2l oygrvhab nvdbi5me sf5mxxl7 gl3lb2sf hhz5lgdu\" style=\"margin: 0px 1px; height: 16px; width: 16px; display: inline-flex; vertical-align: middle; font-family: inherit;\"><img height=\"16\" width=\"16\" alt=\"☎️\" referrerpolicy=\"origin-when-cross-origin\" src=\"https://static.xx.fbcdn.net/images/emoji.php/v9/t22/1/16/260e.png\" style=\"border: 0px;\"></span>096 580 60 29</div>','product/avatar/day-da-nau.jpg',23,'2021-04-04 22:14:59','2021-04-06 01:15:15',NULL,NULL,1,'day-da-epsome-nau-1617646514697','Nâu','Da bê zermat',100),(78,'SWIFT NÂU TÂY PHỐI CHỈ CAM',530000.00,NULL,'<div dir=\"auto\" style=\"font-family: &quot;Segoe UI Historic&quot;, &quot;Segoe UI&quot;, Helvetica, Arial, sans-serif; color: rgb(5, 5, 5); font-size: 15px; white-space: pre-wrap; background-color: rgb(255, 255, 255);\"><span class=\"pq6dq46d tbxw36s4 knj5qynh kvgmc6g5 ditlmg2l oygrvhab nvdbi5me sf5mxxl7 gl3lb2sf hhz5lgdu\" style=\"margin: 0px 1px; height: 16px; width: 16px; display: inline-flex; vertical-align: middle; font-family: inherit;\"><img height=\"16\" width=\"16\" alt=\"?\" referrerpolicy=\"origin-when-cross-origin\" src=\"https://static.xx.fbcdn.net/images/emoji.php/v9/t1a/1/16/1f33b.png\" style=\"border: 0px;\"></span><span class=\"pq6dq46d tbxw36s4 knj5qynh kvgmc6g5 ditlmg2l oygrvhab nvdbi5me sf5mxxl7 gl3lb2sf hhz5lgdu\" style=\"margin: 0px 1px; height: 16px; width: 16px; display: inline-flex; vertical-align: middle; font-family: inherit;\"><img height=\"16\" width=\"16\" alt=\"?\" referrerpolicy=\"origin-when-cross-origin\" src=\"https://static.xx.fbcdn.net/images/emoji.php/v9/t1a/1/16/1f33b.png\" style=\"border: 0px;\"></span> Chất da đều đc nhập khẩu Pháp, thiết kế theo dáng Hermes cao cấp, da mềm,êm, thiết kế cực tỉ mỉ từ đường kim, mũi chỉ.</div><div dir=\"auto\" style=\"font-family: &quot;Segoe UI Historic&quot;, &quot;Segoe UI&quot;, Helvetica, Arial, sans-serif; color: rgb(5, 5, 5); font-size: 15px; white-space: pre-wrap; background-color: rgb(255, 255, 255);\"><span class=\"pq6dq46d tbxw36s4 knj5qynh kvgmc6g5 ditlmg2l oygrvhab nvdbi5me sf5mxxl7 gl3lb2sf hhz5lgdu\" style=\"margin: 0px 1px; height: 16px; width: 16px; display: inline-flex; vertical-align: middle; font-family: inherit;\"><img height=\"16\" width=\"16\" alt=\"♥️\" referrerpolicy=\"origin-when-cross-origin\" src=\"https://static.xx.fbcdn.net/images/emoji.php/v9/tac/1/16/2665.png\" style=\"border: 0px;\"></span><span class=\"pq6dq46d tbxw36s4 knj5qynh kvgmc6g5 ditlmg2l oygrvhab nvdbi5me sf5mxxl7 gl3lb2sf hhz5lgdu\" style=\"margin: 0px 1px; height: 16px; width: 16px; display: inline-flex; vertical-align: middle; font-family: inherit;\"><img height=\"16\" width=\"16\" alt=\"♥️\" referrerpolicy=\"origin-when-cross-origin\" src=\"https://static.xx.fbcdn.net/images/emoji.php/v9/tac/1/16/2665.png\" style=\"border: 0px;\"></span> <span class=\"pq6dq46d tbxw36s4 knj5qynh kvgmc6g5 ditlmg2l oygrvhab nvdbi5me sf5mxxl7 gl3lb2sf hhz5lgdu\" style=\"margin: 0px 1px; height: 16px; width: 16px; display: inline-flex; vertical-align: middle; font-family: inherit;\"><img height=\"16\" width=\"16\" alt=\"?\" referrerpolicy=\"origin-when-cross-origin\" src=\"https://static.xx.fbcdn.net/images/emoji.php/v9/t6d/1/16/1f973.png\" style=\"border: 0px;\"></span><span class=\"pq6dq46d tbxw36s4 knj5qynh kvgmc6g5 ditlmg2l oygrvhab nvdbi5me sf5mxxl7 gl3lb2sf hhz5lgdu\" style=\"margin: 0px 1px; height: 16px; width: 16px; display: inline-flex; vertical-align: middle; font-family: inherit;\"><img height=\"16\" width=\"16\" alt=\"?\" referrerpolicy=\"origin-when-cross-origin\" src=\"https://static.xx.fbcdn.net/images/emoji.php/v9/t6d/1/16/1f973.png\" style=\"border: 0px;\"></span></div>','<div dir=\"auto\" style=\"font-family: &quot;Segoe UI Historic&quot;, &quot;Segoe UI&quot;, Helvetica, Arial, sans-serif; color: rgb(5, 5, 5); font-size: 15px; white-space: pre-wrap; background-color: rgb(255, 255, 255);\"><span class=\"pq6dq46d tbxw36s4 knj5qynh kvgmc6g5 ditlmg2l oygrvhab nvdbi5me sf5mxxl7 gl3lb2sf hhz5lgdu\" style=\"margin: 0px 1px; height: 16px; width: 16px; display: inline-flex; vertical-align: middle; font-family: inherit;\"><img height=\"16\" width=\"16\" alt=\"?\" referrerpolicy=\"origin-when-cross-origin\" src=\"https://static.xx.fbcdn.net/images/emoji.php/v9/te0/1/16/1f31f.png\" style=\"border: 0px;\"></span> Da lót da bê zermat chống thấm mồ hôi</div><div dir=\"auto\" style=\"font-family: &quot;Segoe UI Historic&quot;, &quot;Segoe UI&quot;, Helvetica, Arial, sans-serif; color: rgb(5, 5, 5); font-size: 15px; white-space: pre-wrap; background-color: rgb(255, 255, 255);\"><span class=\"pq6dq46d tbxw36s4 knj5qynh kvgmc6g5 ditlmg2l oygrvhab nvdbi5me sf5mxxl7 gl3lb2sf hhz5lgdu\" style=\"margin: 0px 1px; height: 16px; width: 16px; display: inline-flex; vertical-align: middle; font-family: inherit;\"><img height=\"16\" width=\"16\" alt=\"✊\" referrerpolicy=\"origin-when-cross-origin\" src=\"https://static.xx.fbcdn.net/images/emoji.php/v9/t5f/1/16/270a.png\" style=\"border: 0px;\"></span>Với đặc tính Bền, Ôm tay, Không thấm nước đeo không sợ hôi tay</div><div dir=\"auto\" style=\"font-family: &quot;Segoe UI Historic&quot;, &quot;Segoe UI&quot;, Helvetica, Arial, sans-serif; color: rgb(5, 5, 5); font-size: 15px; white-space: pre-wrap; background-color: rgb(255, 255, 255);\"><span class=\"pq6dq46d tbxw36s4 knj5qynh kvgmc6g5 ditlmg2l oygrvhab nvdbi5me sf5mxxl7 gl3lb2sf hhz5lgdu\" style=\"margin: 0px 1px; height: 16px; width: 16px; display: inline-flex; vertical-align: middle; font-family: inherit;\"><img height=\"16\" width=\"16\" alt=\"?️\" referrerpolicy=\"origin-when-cross-origin\" src=\"https://static.xx.fbcdn.net/images/emoji.php/v9/t6b/1/16/1f575.png\" style=\"border: 0px;\"></span> Kiểu dáng thời trang, tinh tế trong từng đường chỉ, mang lại phong cách mới lạ, sang trọng cho apple-watch của bạn.</div><div dir=\"auto\" style=\"font-family: &quot;Segoe UI Historic&quot;, &quot;Segoe UI&quot;, Helvetica, Arial, sans-serif; color: rgb(5, 5, 5); font-size: 15px; white-space: pre-wrap; background-color: rgb(255, 255, 255);\"><span class=\"pq6dq46d tbxw36s4 knj5qynh kvgmc6g5 ditlmg2l oygrvhab nvdbi5me sf5mxxl7 gl3lb2sf hhz5lgdu\" style=\"margin: 0px 1px; height: 16px; width: 16px; display: inline-flex; vertical-align: middle; font-family: inherit;\"><img height=\"16\" width=\"16\" alt=\"?\" referrerpolicy=\"origin-when-cross-origin\" src=\"https://static.xx.fbcdn.net/images/emoji.php/v9/te0/1/16/1f31f.png\" style=\"border: 0px;\"></span>Đầy đủ các size cho apple watch</div><div dir=\"auto\" style=\"font-family: &quot;Segoe UI Historic&quot;, &quot;Segoe UI&quot;, Helvetica, Arial, sans-serif; color: rgb(5, 5, 5); font-size: 15px; white-space: pre-wrap; background-color: rgb(255, 255, 255);\"><span class=\"pq6dq46d tbxw36s4 knj5qynh kvgmc6g5 ditlmg2l oygrvhab nvdbi5me sf5mxxl7 gl3lb2sf hhz5lgdu\" style=\"margin: 0px 1px; height: 16px; width: 16px; display: inline-flex; vertical-align: middle; font-family: inherit;\"><img height=\"16\" width=\"16\" alt=\"?\" referrerpolicy=\"origin-when-cross-origin\" src=\"https://static.xx.fbcdn.net/images/emoji.php/v9/t77/1/16/1f3e1.png\" style=\"border: 0px;\"></span>251 Giáp Nhất, Nhân Chính, Thanh Xuân, Hà Nội </div><div dir=\"auto\" style=\"font-family: &quot;Segoe UI Historic&quot;, &quot;Segoe UI&quot;, Helvetica, Arial, sans-serif; color: rgb(5, 5, 5); font-size: 15px; white-space: pre-wrap; background-color: rgb(255, 255, 255);\"><span class=\"pq6dq46d tbxw36s4 knj5qynh kvgmc6g5 ditlmg2l oygrvhab nvdbi5me sf5mxxl7 gl3lb2sf hhz5lgdu\" style=\"margin: 0px 1px; height: 16px; width: 16px; display: inline-flex; vertical-align: middle; font-family: inherit;\"><img height=\"16\" width=\"16\" alt=\"☎️\" referrerpolicy=\"origin-when-cross-origin\" src=\"https://static.xx.fbcdn.net/images/emoji.php/v9/t22/1/16/260e.png\" style=\"border: 0px;\"></span>096 580 60 29</div>','product/avatar/swift-nau-tay.jpg',23,'2021-04-04 22:18:22','2021-04-06 01:14:23',NULL,NULL,1,'swift-nau-tay-phoi-chi-cam-1617646463288','Nâu tây','Da bê zermat',100),(79,'DÂY DA HANDMADE ĐỎ RƯỢU VANG',550000.00,NULL,'<div dir=\"auto\" style=\"font-family: &quot;Segoe UI Historic&quot;, &quot;Segoe UI&quot;, Helvetica, Arial, sans-serif; color: rgb(5, 5, 5); font-size: 15px; white-space: pre-wrap; background-color: rgb(255, 255, 255);\"><span class=\"pq6dq46d tbxw36s4 knj5qynh kvgmc6g5 ditlmg2l oygrvhab nvdbi5me sf5mxxl7 gl3lb2sf hhz5lgdu\" style=\"margin: 0px 1px; height: 16px; width: 16px; display: inline-flex; vertical-align: middle; font-family: inherit;\"><img height=\"16\" width=\"16\" alt=\"✊\" referrerpolicy=\"origin-when-cross-origin\" src=\"https://static.xx.fbcdn.net/images/emoji.php/v9/t5f/1/16/270a.png\" style=\"border: 0px;\"></span>Với đặc tính Bền, Ôm tay, Không thấm nước đeo không sợ hôi tay</div><div dir=\"auto\" style=\"font-family: &quot;Segoe UI Historic&quot;, &quot;Segoe UI&quot;, Helvetica, Arial, sans-serif; color: rgb(5, 5, 5); font-size: 15px; white-space: pre-wrap; background-color: rgb(255, 255, 255);\"><span class=\"pq6dq46d tbxw36s4 knj5qynh kvgmc6g5 ditlmg2l oygrvhab nvdbi5me sf5mxxl7 gl3lb2sf hhz5lgdu\" style=\"margin: 0px 1px; height: 16px; width: 16px; display: inline-flex; vertical-align: middle; font-family: inherit;\"><img height=\"16\" width=\"16\" alt=\"?️\" referrerpolicy=\"origin-when-cross-origin\" src=\"https://static.xx.fbcdn.net/images/emoji.php/v9/t6b/1/16/1f575.png\" style=\"border: 0px;\"></span> Kiểu dáng thời trang, tinh tế trong từng đường chỉ, mang lại phong cách mới lạ, sang trọng cho apple-watch của bạn.</div><div dir=\"auto\" style=\"font-family: &quot;Segoe UI Historic&quot;, &quot;Segoe UI&quot;, Helvetica, Arial, sans-serif; color: rgb(5, 5, 5); font-size: 15px; white-space: pre-wrap; background-color: rgb(255, 255, 255);\"><span class=\"pq6dq46d tbxw36s4 knj5qynh kvgmc6g5 ditlmg2l oygrvhab nvdbi5me sf5mxxl7 gl3lb2sf hhz5lgdu\" style=\"margin: 0px 1px; height: 16px; width: 16px; display: inline-flex; vertical-align: middle; font-family: inherit;\"><img height=\"16\" width=\"16\" alt=\"?\" referrerpolicy=\"origin-when-cross-origin\" src=\"https://static.xx.fbcdn.net/images/emoji.php/v9/te0/1/16/1f31f.png\" style=\"border: 0px;\"></span>Đầy đủ các size cho apple watch</div>','<div dir=\"auto\" style=\"font-family: &quot;Segoe UI Historic&quot;, &quot;Segoe UI&quot;, Helvetica, Arial, sans-serif; color: rgb(5, 5, 5); font-size: 15px; white-space: pre-wrap; background-color: rgb(255, 255, 255);\"><span class=\"pq6dq46d tbxw36s4 knj5qynh kvgmc6g5 ditlmg2l oygrvhab nvdbi5me sf5mxxl7 gl3lb2sf hhz5lgdu\" style=\"margin: 0px 1px; height: 16px; width: 16px; display: inline-flex; vertical-align: middle; font-family: inherit;\"><img height=\"16\" width=\"16\" alt=\"?\" referrerpolicy=\"origin-when-cross-origin\" src=\"https://static.xx.fbcdn.net/images/emoji.php/v9/te0/1/16/1f31f.png\" style=\"border: 0px;\"></span> Da lót da bê zermat chống thấm mồ hôi</div><div dir=\"auto\" style=\"font-family: &quot;Segoe UI Historic&quot;, &quot;Segoe UI&quot;, Helvetica, Arial, sans-serif; color: rgb(5, 5, 5); font-size: 15px; white-space: pre-wrap; background-color: rgb(255, 255, 255);\"><span class=\"pq6dq46d tbxw36s4 knj5qynh kvgmc6g5 ditlmg2l oygrvhab nvdbi5me sf5mxxl7 gl3lb2sf hhz5lgdu\" style=\"margin: 0px 1px; height: 16px; width: 16px; display: inline-flex; vertical-align: middle; font-family: inherit;\"><img height=\"16\" width=\"16\" alt=\"✊\" referrerpolicy=\"origin-when-cross-origin\" src=\"https://static.xx.fbcdn.net/images/emoji.php/v9/t5f/1/16/270a.png\" style=\"border: 0px;\"></span>Với đặc tính Bền, Ôm tay, Không thấm nước đeo không sợ hôi tay</div><div dir=\"auto\" style=\"font-family: &quot;Segoe UI Historic&quot;, &quot;Segoe UI&quot;, Helvetica, Arial, sans-serif; color: rgb(5, 5, 5); font-size: 15px; white-space: pre-wrap; background-color: rgb(255, 255, 255);\"><span class=\"pq6dq46d tbxw36s4 knj5qynh kvgmc6g5 ditlmg2l oygrvhab nvdbi5me sf5mxxl7 gl3lb2sf hhz5lgdu\" style=\"margin: 0px 1px; height: 16px; width: 16px; display: inline-flex; vertical-align: middle; font-family: inherit;\"><img height=\"16\" width=\"16\" alt=\"?️\" referrerpolicy=\"origin-when-cross-origin\" src=\"https://static.xx.fbcdn.net/images/emoji.php/v9/t6b/1/16/1f575.png\" style=\"border: 0px;\"></span> Kiểu dáng thời trang, tinh tế trong từng đường chỉ, mang lại phong cách mới lạ, sang trọng cho apple-watch của bạn.</div><div dir=\"auto\" style=\"font-family: &quot;Segoe UI Historic&quot;, &quot;Segoe UI&quot;, Helvetica, Arial, sans-serif; color: rgb(5, 5, 5); font-size: 15px; white-space: pre-wrap; background-color: rgb(255, 255, 255);\"><span class=\"pq6dq46d tbxw36s4 knj5qynh kvgmc6g5 ditlmg2l oygrvhab nvdbi5me sf5mxxl7 gl3lb2sf hhz5lgdu\" style=\"margin: 0px 1px; height: 16px; width: 16px; display: inline-flex; vertical-align: middle; font-family: inherit;\"><img height=\"16\" width=\"16\" alt=\"?\" referrerpolicy=\"origin-when-cross-origin\" src=\"https://static.xx.fbcdn.net/images/emoji.php/v9/te0/1/16/1f31f.png\" style=\"border: 0px;\"></span>Đầy đủ các size cho apple watch</div><div dir=\"auto\" style=\"font-family: &quot;Segoe UI Historic&quot;, &quot;Segoe UI&quot;, Helvetica, Arial, sans-serif; color: rgb(5, 5, 5); font-size: 15px; white-space: pre-wrap; background-color: rgb(255, 255, 255);\"><span class=\"pq6dq46d tbxw36s4 knj5qynh kvgmc6g5 ditlmg2l oygrvhab nvdbi5me sf5mxxl7 gl3lb2sf hhz5lgdu\" style=\"margin: 0px 1px; height: 16px; width: 16px; display: inline-flex; vertical-align: middle; font-family: inherit;\"><img height=\"16\" width=\"16\" alt=\"?\" referrerpolicy=\"origin-when-cross-origin\" src=\"https://static.xx.fbcdn.net/images/emoji.php/v9/t77/1/16/1f3e1.png\" style=\"border: 0px;\"></span>251 Giáp Nhất, Nhân Chính, Thanh Xuân, Hà Nội </div><div dir=\"auto\" style=\"font-family: &quot;Segoe UI Historic&quot;, &quot;Segoe UI&quot;, Helvetica, Arial, sans-serif; color: rgb(5, 5, 5); font-size: 15px; white-space: pre-wrap; background-color: rgb(255, 255, 255);\"><span class=\"pq6dq46d tbxw36s4 knj5qynh kvgmc6g5 ditlmg2l oygrvhab nvdbi5me sf5mxxl7 gl3lb2sf hhz5lgdu\" style=\"margin: 0px 1px; height: 16px; width: 16px; display: inline-flex; vertical-align: middle; font-family: inherit;\"><img height=\"16\" width=\"16\" alt=\"☎️\" referrerpolicy=\"origin-when-cross-origin\" src=\"https://static.xx.fbcdn.net/images/emoji.php/v9/t22/1/16/260e.png\" style=\"border: 0px;\"></span>096 580 60 29</div>','product/avatar/handmade-do-ruou-vang-1.jpg',23,'2021-04-04 22:18:40','2021-04-06 01:14:01',NULL,NULL,1,'day-da-handmade-o-ruou-vang-1617646441336','Đỏ rượu vang','Da bê zermat',100);

DROP TABLE IF EXISTS `tbl_products_images`;
/*!40101 SET @saved_cs_client     = @@character_set_client */;
/*!50503 SET character_set_client = utf8mb4 */;
CREATE TABLE `tbl_products_images` (
  `id` int NOT NULL AUTO_INCREMENT,
  `title` varchar(500) CHARACTER SET utf8 COLLATE utf8_general_ci NOT NULL,
  `path` varchar(200) CHARACTER SET utf8mb4 COLLATE utf8mb4_bin NOT NULL,
  `product_id` int NOT NULL,
  `created_date` datetime DEFAULT CURRENT_TIMESTAMP,
  `updated_date` datetime DEFAULT CURRENT_TIMESTAMP,
  `created_by` int DEFAULT NULL,
  `updated_by` int DEFAULT NULL,
  `status` tinyint(1) DEFAULT '1',
  PRIMARY KEY (`id`),
  KEY `fk_product_images_idx` (`product_id`),
  CONSTRAINT `fk_product_images` FOREIGN KEY (`product_id`) REFERENCES `tbl_products` (`id`)
) ENGINE=InnoDB AUTO_INCREMENT=42 DEFAULT CHARSET=utf8mb4 COLLATE=utf8mb4_bin COMMENT='Bảng dữ liệu danh sách ảnh sản phẩm';
/*!40101 SET character_set_client = @saved_cs_client */;
INSERT INTO `tbl_products_images` VALUES (27,'day_da_be_epsome_1.1.jpg','product/picture/day_da_be_epsome_1.1.jpg',72,'2021-03-31 14:22:56',NULL,NULL,NULL,1),(28,'day_da_be_epsome_1.2.jpg','product/picture/day_da_be_epsome_1.2.jpg',72,'2021-03-31 14:23:00',NULL,NULL,NULL,1),(29,'day_da_be_epsome_1.3.jpg','product/picture/day_da_be_epsome_1.3.jpg',72,'2021-03-31 14:23:02',NULL,NULL,NULL,1),(30,'day_da_be_epsome_1.4.jpg','product/picture/day_da_be_epsome_1.4.jpg',72,'2021-03-31 14:23:05',NULL,NULL,NULL,1),(31,'xanh-corban-mau-sang-2.jpg','product/picture/xanh-corban-mau-sang-2.jpg',73,'2021-04-04 21:33:47',NULL,NULL,NULL,1),(32,'xanh-corban-mau-sang-3.jpg','product/picture/xanh-corban-mau-sang-3.jpg',73,'2021-04-04 21:33:50',NULL,NULL,NULL,1),(33,'day-khoa-bam-do-ruou-vang-2.jpg','product/picture/day-khoa-bam-do-ruou-vang-2.jpg',74,'2021-04-04 21:58:12',NULL,NULL,NULL,1),(34,'day-da-cam-va-trang-ngoc-2.jpg','product/picture/day-da-cam-va-trang-ngoc-2.jpg',75,'2021-04-04 22:04:44',NULL,NULL,NULL,1),(35,'day-da-cam-va-trang-ngoc-3.jpg','product/picture/day-da-cam-va-trang-ngoc-3.jpg',75,'2021-04-04 22:04:44',NULL,NULL,NULL,1),(36,'nau-tay.jpg','product/picture/nau-tay.jpg',76,'2021-04-04 22:08:03',NULL,NULL,NULL,1),(37,'day-da-nau-1.jpg','product/picture/day-da-nau-1.jpg',77,'2021-04-04 22:14:59',NULL,NULL,NULL,1),(38,'swift-nau-tay-1.jpg','product/picture/swift-nau-tay-1.jpg',78,'2021-04-04 22:18:22',NULL,NULL,NULL,1),(39,'swift-nau-tay-2.jpg','product/picture/swift-nau-tay-2.jpg',78,'2021-04-04 22:18:22',NULL,NULL,NULL,1),(40,'handmade-do-ruou-vang-2.jpg','product/picture/handmade-do-ruou-vang-2.jpg',79,'2021-04-04 22:23:42',NULL,NULL,NULL,1),(41,'handmade-do-ruou-vang-3.jpg','product/picture/handmade-do-ruou-vang-3.jpg',79,'2021-04-04 22:23:42',NULL,NULL,NULL,1);

DROP TABLE IF EXISTS `tbl_reviews`;
/*!40101 SET @saved_cs_client     = @@character_set_client */;
/*!50503 SET character_set_client = utf8mb4 */;
CREATE TABLE `tbl_reviews` (
  `id` int NOT NULL AUTO_INCREMENT,
  `user_id` int NOT NULL,
  `product_id` int NOT NULL,
  `message` varchar(5000) CHARACTER SET utf8mb4 COLLATE utf8mb4_bin NOT NULL,
  `created_date` datetime DEFAULT CURRENT_TIMESTAMP,
  `updated_date` datetime DEFAULT CURRENT_TIMESTAMP,
  `created_by` int DEFAULT NULL,
  `updated_by` int DEFAULT NULL,
  `status` tinyint(1) DEFAULT '1',
  PRIMARY KEY (`id`),
  KEY `fk_comment_product_id` (`product_id`),
  KEY `fk_comment_user_id` (`user_id`),
  CONSTRAINT `fk_comment_product_id` FOREIGN KEY (`product_id`) REFERENCES `tbl_products` (`id`),
  CONSTRAINT `fk_comment_user_id` FOREIGN KEY (`user_id`) REFERENCES `tbl_users` (`id`)
) ENGINE=InnoDB AUTO_INCREMENT=38 DEFAULT CHARSET=utf8mb4 COLLATE=utf8mb4_bin COMMENT='Bảng dữ liệu chứa comment sản phẩm';
/*!40101 SET character_set_client = @saved_cs_client */;
INSERT INTO `tbl_reviews` VALUES (24,8,79,'ok','2021-04-07 09:39:24','2021-04-07 09:39:24',NULL,NULL,0),(25,8,79,'Sản phẩm rất đẹp','2021-04-07 09:40:24','2021-04-07 09:40:24',NULL,NULL,1),(26,8,79,'Cảm ơn shop đã hướng dẫn mình lắp khóa của dây ạ.','2021-04-07 09:41:24','2021-04-07 09:41:24',NULL,NULL,1),(27,8,78,'Sản phẩm tuyệt vời','2021-04-07 09:42:24','2021-04-07 09:42:24',NULL,NULL,0),(28,8,78,'Rất đẹp ạ','2021-04-07 09:43:24','2021-04-07 09:43:24',NULL,NULL,0),(29,8,76,'Màu đẹp quá!!','2021-04-07 09:48:34','2021-04-07 09:48:34',NULL,NULL,0),(30,8,79,'test','2021-04-18 22:05:48','2021-04-18 22:05:48',NULL,NULL,0),(31,8,71,'Khá đẹp','2021-04-21 18:16:25','2021-04-21 18:16:25',NULL,NULL,0),(32,8,79,'Hàng chất lượng','2021-04-22 00:45:53','2021-04-22 00:45:53',NULL,NULL,1),(33,9,79,'Chất liệu rất đẹp','2021-05-06 20:05:43','2021-05-06 20:05:43',NULL,NULL,1),(34,9,78,'ok','2021-05-14 00:40:40','2021-05-14 00:40:40',NULL,NULL,0),(35,9,78,'sdf','2021-05-14 00:40:54','2021-05-14 00:40:54',NULL,NULL,0),(36,9,78,'Hàng rất đẹp','2021-05-14 00:42:42','2021-05-14 00:42:42',NULL,NULL,0),(37,9,78,'Hàng tốt','2021-05-14 00:43:41','2021-05-14 00:43:41',NULL,NULL,0);


DROP TABLE IF EXISTS `tbl_saleorder`;
/*!40101 SET @saved_cs_client     = @@character_set_client */;
/*!50503 SET character_set_client = utf8mb4 */;
CREATE TABLE `tbl_saleorder` (
  `id` int NOT NULL AUTO_INCREMENT,
  `code` varchar(45) CHARACTER SET utf8 COLLATE utf8_general_ci NOT NULL,
  `user_id` int DEFAULT NULL,
  `total` decimal(13,2) DEFAULT NULL,
  `created_date` datetime DEFAULT CURRENT_TIMESTAMP,
  `updated_date` datetime DEFAULT CURRENT_TIMESTAMP,
  `created_by` int DEFAULT NULL,
  `updated_by` int DEFAULT NULL,
  `status` tinyint(1) DEFAULT '1',
  `customer_name` varchar(100) CHARACTER SET utf8 COLLATE utf8_general_ci DEFAULT NULL,
  `customer_address` varchar(100) CHARACTER SET utf8 COLLATE utf8_general_ci DEFAULT NULL,
  `seo` varchar(200) CHARACTER SET utf8mb4 COLLATE utf8mb4_bin DEFAULT NULL,
  `customer_phone` varchar(100) CHARACTER SET utf8 COLLATE utf8_general_ci DEFAULT NULL,
  `cutomer_email` varchar(100) CHARACTER SET utf8 COLLATE utf8_general_ci DEFAULT NULL,
  `order_status` int DEFAULT '0',
  PRIMARY KEY (`id`),
  KEY `user_id_idx` (`user_id`),
  CONSTRAINT `user_id` FOREIGN KEY (`user_id`) REFERENCES `tbl_users` (`id`)
) ENGINE=InnoDB AUTO_INCREMENT=46 DEFAULT CHARSET=utf8mb4 COLLATE=utf8mb4_bin COMMENT='Bảng dữ liệu chứa phiếu mua hàng';
INSERT INTO `tbl_saleorder` VALUES (27,'ORDER-1618675291505',NULL,1050000.00,'2021-01-17 23:01:32',NULL,NULL,NULL,1,'Dương Xuân Đà 10','Nhổn','ORDER-1618675291505','1693719775','xuandapa@gmail.com',3),(28,'ORDER-1618676600486',NULL,1650000.00,'2021-01-17 23:23:20',NULL,NULL,NULL,1,'Dương Xuân Đà 11','Hà Nội','ORDER-1618676600486','1693719775','xuandapa@gmail.com',3),(29,'ORDER-1618682751973',NULL,510000.00,'2021-02-18 01:05:52',NULL,NULL,NULL,1,'Hoàng Văn Quỳnh','Nam Định','ORDER-1618682751973','0123456789','quynh@gmail.com',3),(30,'ORDER-1618683024360',NULL,510000.00,'2021-02-18 01:10:24',NULL,NULL,NULL,1,'Võ Văn Vẻ','Hà Đông','ORDER-1618683024360','0123456789','xuandapa@gmail.com',3),(31,'ORDER-1618683097063',NULL,510000.00,'2021-02-18 01:11:37',NULL,NULL,NULL,1,'Dương Xuân Đà 3','Tây Bắc','ORDER-1618683097063','1693719775','xuandapa@gmail.com',1),(32,'ORDER-1618912482069',NULL,1040000.00,'2021-02-20 16:54:42',NULL,NULL,NULL,1,'Cù Lao Chàm','Hàng Bông','ORDER-1618912482069','0123456789','xuandapa@gmail.com',3),(33,'ORDER-1618912587989',NULL,530000.00,'2021-03-20 16:56:28',NULL,NULL,NULL,1,'Đông Tà','Đảo Đào Hoa','ORDER-1618912587989','0123456799','xuandapa@gmail.com',1),(34,'ORDER-1618975367744',NULL,2120000.00,'2021-03-21 10:22:48',NULL,NULL,NULL,1,'Tôn Quyền','Đông Ngô','ORDER-1618975367744','09001009','xuandapa@gmail.com',0),(37,'ORDER-1619025046690',NULL,500000.00,'2021-03-22 00:10:47',NULL,NULL,NULL,1,'Vũ Đức Đam','Hà Tây','ORDER-1619025046690','1693719775','ddam@gmail.com',0),(38,'ORDER-1619628088363',NULL,1590000.00,'2021-03-28 23:41:28',NULL,NULL,NULL,1,'Dương Xuân Đà','A12A Khu tập thể học viện Nguyễn Ái Quốc','ORDER-1619628088363','0961010169','xuandapa@gmail.com',3),(39,'ORDER-1619628289823',NULL,1020000.00,'2021-03-28 23:44:50',NULL,NULL,NULL,1,'Dương Xuân Đà','A12A Khu tập thể học viện Nguyễn Ái Quốc','ORDER-1619628289823','0961010169','xuandapa@gmail.com',2),(40,'ORDER-1620051261690',NULL,1510000.00,'2021-05-03 21:14:22',NULL,NULL,NULL,1,'Dương Xuân Đà','A12A Khu tập thể học viện Nguyễn Ái Quốc','ORDER-1620051261690','0961010169','xuandapa@gmail.com',2),(41,'ORDER-1620052129894',NULL,1500000.00,'2021-05-03 21:28:50',NULL,NULL,NULL,1,'Hùng Bá','Quảng Bình','ORDER-1620052129894','0123456789','hungba@gmail.com',3),(42,'ORDER-1620296617879',NULL,530000.00,'2021-05-06 17:23:38',NULL,NULL,NULL,1,'Hoàng Trung','Tây Xuyên','ORDER-1620296617879','0123456789','hoangtrung@gmail.com',3),(43,'ORDER-1620296751216',NULL,550000.00,'2021-05-06 17:25:51',NULL,NULL,NULL,1,'Triệu Vân','Thường Sơn','ORDER-1620296751216','0241379404','trieuvan@gmail.com',2),(44,'ORDER-1620296816774',NULL,4000000.00,'2021-05-06 17:26:57',NULL,NULL,NULL,1,'Dương Xuân Đà','A12A Khu tập thể học viện Nguyễn Ái Quốc','ORDER-1620296816774','0961010169','xuandapa@gmail.com',2),(45,'ORDER-1620919346082',9,530000.00,'2021-05-13 22:22:26',NULL,NULL,NULL,1,'Dương Xuân Đà','A12A Khu tập thể học viện Nguyễn Ái Quốc','ORDER-1620919346082','0961010169','xuandapa@gmail.com',2);

DROP TABLE IF EXISTS `tbl_saleorder_products`;
/*!40101 SET @saved_cs_client     = @@character_set_client */;
/*!50503 SET character_set_client = utf8mb4 */;
CREATE TABLE `tbl_saleorder_products` (
  `id` int NOT NULL AUTO_INCREMENT,
  `saleorder_id` int NOT NULL,
  `product_id` int NOT NULL,
  `created_date` datetime DEFAULT CURRENT_TIMESTAMP,
  `updated_date` datetime DEFAULT CURRENT_TIMESTAMP,
  `created_by` int DEFAULT NULL,
  `updated_by` int DEFAULT NULL,
  `status` tinyint(1) DEFAULT '1',
  `quantity` int NOT NULL,
  `price_unit` decimal(13,2) NOT NULL,
  PRIMARY KEY (`id`),
  KEY `fk_saleorder_product_idx` (`saleorder_id`),
  KEY `product_id_idx` (`product_id`),
  CONSTRAINT `fk_saleorder_product` FOREIGN KEY (`saleorder_id`) REFERENCES `tbl_saleorder` (`id`),
  CONSTRAINT `product_id` FOREIGN KEY (`product_id`) REFERENCES `tbl_products` (`id`)
) ENGINE=InnoDB AUTO_INCREMENT=55 DEFAULT CHARSET=utf8mb4 COLLATE=utf8mb4_bin COMMENT='Bảng dữ liệu chứa phiếu mua hàng';
/*!40101 SET character_set_client = @saved_cs_client */;
INSERT INTO `tbl_saleorder_products` VALUES (32,27,79,'2021-01-17 23:01:32',NULL,NULL,NULL,1,1,550000.00),(33,27,74,'2021-01-17 23:01:32',NULL,NULL,NULL,1,1,500000.00),(34,28,79,'2021-01-17 23:23:20',NULL,NULL,NULL,1,3,550000.00),(35,29,73,'2021-02-18 01:05:52',NULL,NULL,NULL,1,1,510000.00),(36,30,75,'2021-02-18 01:10:24',NULL,NULL,NULL,1,1,510000.00),(37,31,73,'2021-02-18 01:11:37',NULL,NULL,NULL,1,1,510000.00),(38,32,71,'2021-02-20 16:54:42',NULL,NULL,NULL,1,2,520000.00),(39,33,76,'2021-03-20 16:56:28',NULL,NULL,NULL,1,1,530000.00),(40,34,65,'2021-03-21 10:22:48',NULL,NULL,NULL,1,1,530000.00),(41,34,78,'2021-03-21 10:22:48',NULL,NULL,NULL,1,2,530000.00),(42,34,66,'2021-03-21 10:22:48',NULL,NULL,NULL,1,1,530000.00),(45,37,74,'2021-03-22 00:10:47',NULL,NULL,NULL,1,1,500000.00),(46,38,78,'2021-03-28 23:41:28',NULL,NULL,NULL,1,3,530000.00),(47,39,73,'2021-03-28 23:44:50',NULL,NULL,NULL,5,2,510000.00),(48,40,72,'2021-05-03 21:14:22',NULL,NULL,NULL,1,2,500000.00),(49,40,75,'2021-05-03 21:14:22',NULL,NULL,NULL,1,1,510000.00),(50,41,72,'2021-05-03 21:28:50',NULL,NULL,NULL,1,3,500000.00),(51,42,78,'2021-05-06 17:23:38',NULL,NULL,NULL,1,1,530000.00),(52,43,79,'2021-05-06 17:25:51',NULL,NULL,NULL,1,1,550000.00),(53,44,77,'2021-05-06 17:26:57',NULL,NULL,NULL,1,8,500000.00),(54,45,78,'2021-05-13 22:22:26',NULL,NULL,NULL,1,1,530000.00);

DROP TABLE IF EXISTS `tbl_blog_type`;
/*!40101 SET @saved_cs_client     = @@character_set_client */;
/*!50503 SET character_set_client = utf8mb4 */;
CREATE TABLE `tbl_blog_type` (
  `id` int NOT NULL AUTO_INCREMENT,
  `name` varchar(45) CHARACTER SET utf8 COLLATE utf8_general_ci NOT NULL,
  `description` varchar(45) CHARACTER SET utf8mb4 COLLATE utf8mb4_bin NOT NULL,
  `created_date` datetime DEFAULT NULL,
  `updated_date` datetime DEFAULT NULL,
  `created_by` int DEFAULT NULL,
  `updated_by` int DEFAULT NULL,
  `parent_id` int DEFAULT NULL,
  `status` tinyint(1) DEFAULT '1',
  `seo` varchar(45) CHARACTER SET utf8mb4 COLLATE utf8mb4_bin DEFAULT NULL,
  PRIMARY KEY (`id`),
  KEY `fk_parent_id` (`parent_id`),
  CONSTRAINT `fk_parent_id` FOREIGN KEY (`parent_id`) REFERENCES `tbl_blog_type` (`id`)
) ENGINE=InnoDB AUTO_INCREMENT=18 DEFAULT CHARSET=utf8mb4 COLLATE=utf8mb4_bin COMMENT='Bảng dữ liệu chứa danh mục bài viết';
/*!40101 SET character_set_client = @saved_cs_client */;
INSERT INTO `tbl_blog_type` VALUES (17,'Tin Tức','Tin tức sản phẩm',NULL,NULL,NULL,NULL,NULL,1,'tin-tuc');
DROP TABLE IF EXISTS `tbl_blog`;
/*!40101 SET @saved_cs_client     = @@character_set_client */;
/*!50503 SET character_set_client = utf8mb4 */;
CREATE TABLE `tbl_blog` (
  `id` int NOT NULL AUTO_INCREMENT,
  `title` varchar(300) CHARACTER SET utf8mb4 COLLATE utf8mb4_bin NOT NULL,
  `avatar` varchar(255) CHARACTER SET utf8mb4 COLLATE utf8mb4_bin DEFAULT NULL,
  `short_description` varchar(3000) CHARACTER SET utf8 COLLATE utf8_general_ci NOT NULL,
  `detail_description` longtext CHARACTER SET utf8mb4 COLLATE utf8mb4_bin NOT NULL,
  `views` int DEFAULT '0',
  `created_date` datetime DEFAULT NULL,
  `updated_date` datetime DEFAULT NULL,
  `created_by` int DEFAULT NULL,
  `updated_by` int DEFAULT NULL,
  `status` tinyint(1) DEFAULT '1',
  `blog_type_id` int NOT NULL,
  `seo` varchar(500) COLLATE utf8mb4_bin DEFAULT NULL,
  PRIMARY KEY (`id`),
  KEY `fk_blog_type_id` (`blog_type_id`),
  CONSTRAINT `fk_blog_type_id` FOREIGN KEY (`blog_type_id`) REFERENCES `tbl_blog_type` (`id`)
) ENGINE=InnoDB AUTO_INCREMENT=14 DEFAULT CHARSET=utf8mb4 COLLATE=utf8mb4_bin COMMENT='Bảng dữ liệu chứa thông tin bài viết';
INSERT INTO `tbl_blog` VALUES (4,'Hướng dẫn bảo quản',NULL,'short des','detail des',10,NULL,NULL,NULL,NULL,1,17,NULL),(5,'Test blog 1','blog/avatar/iphone12.png','<p>short</p>','<p>detail</p>',11,'2021-04-19 21:23:15','2021-04-19 21:23:15',NULL,NULL,1,17,'test-blog-1-1618842194843'),(6,'Hướng dẫn bảo quản đồ da','blog/avatar/bao-quan-do-da.JPG','<p><span style=\"color: rgb(37, 42, 43); font-family: SVN_Gotham, sans-serif; font-size: 14px; background-color: rgb(255, 255, 255);\">Shopo wada xin hướng dẫn cách bảo quản để sản phẩm da luôn như mới.</span><br></p>','<p style=\"margin-right: 0px; margin-bottom: 10px; margin-left: 0px; padding: 0px; font-family: SVN_Gotham, sans-serif; line-height: 21px; max-width: 100%; color: rgb(37, 42, 43); font-size: 14px; background-color: rgb(255, 255, 255);\">Da là chất liệu được sử dụng rất nhiều trong việc sản xuất và gia công các đồ phụ kiện thời trang trong cuộc sống &nbsp;và cũng đang xu thế được nhiều người tiêu dùng lựa chọn, đặc biệt là giới trẻ. Tuy nhiên, với việc thời tiết thất thường như ngày nay rất dễ gây ố, khô da, ẩm mốc hay thậm chí là bong tróc chỉ sau một thời gian ngắn sử dụng. Sau đây LATA xin hướng dẫn cách bạn bảo quản để sản phẩm da của bạn luôn như mới.&nbsp;</p><ol style=\"margin-right: 0px; margin-bottom: 10px; margin-left: 0px; padding: 0px 0px 0px 20px; font-family: SVN_Gotham, sans-serif; max-width: 100%; color: rgb(37, 42, 43); font-size: 14px; background-color: rgb(255, 255, 255);\"><li style=\"margin: 0px; padding: 0px; max-width: 100%;\"><span style=\"margin: 0px; padding: 0px; font-weight: 700; max-width: 100%;\">Hạn chế để vật dụng đồ da LATA ở trong môi trường ẩm thấp</span></li></ol><ul style=\"margin-right: 0px; margin-bottom: 10px; margin-left: 0px; padding: 0px 0px 0px 20px; font-family: SVN_Gotham, sans-serif; list-style: initial; max-width: 100%; color: rgb(37, 42, 43); font-size: 14px; background-color: rgb(255, 255, 255);\"><li style=\"margin: 0px; padding: 0px; max-width: 100%;\">Việc để chất liệu da trong mỗi trường ẩm thấp khiến da có điều kiện hút ẩm cao và dễ bị mốc,khô cứng và nhanh hư.</li><li style=\"margin: 0px; padding: 0px; max-width: 100%;\">Hạn chế để đồ da tiếp xúc trực tiếp hay sát nền nhà, dù nền nhà có lót gạch hay tráng xi măng hoặc trải thảm vì hơi nước từ đất vẫn dễ dàng thấm vào da.</li><li style=\"margin: 0px; padding: 0px; max-width: 100%;\">Nếu đồ da chẳng may bị ẩm ướt, bạn không nên dùng máy sấy để sấy, cồn, khăn ướt vì sẽ khiến da dễ bị khô, nứt, nên để da khô tự nhiên ở nơi thoáng gió.&nbsp;</li></ul><ol style=\"margin-right: 0px; margin-bottom: 10px; margin-left: 0px; padding: 0px 0px 0px 20px; font-family: SVN_Gotham, sans-serif; max-width: 100%; color: rgb(37, 42, 43); font-size: 14px; background-color: rgb(255, 255, 255);\"><li style=\"margin: 0px; padding: 0px; max-width: 100%;\"><span style=\"margin: 0px; padding: 0px; font-weight: 700; max-width: 100%;\">Chú ý khi sử dụng đồ da LATA</span></li></ol><ul style=\"margin-right: 0px; margin-bottom: 10px; margin-left: 0px; padding: 0px 0px 0px 20px; font-family: SVN_Gotham, sans-serif; list-style: initial; max-width: 100%; color: rgb(37, 42, 43); font-size: 14px; background-color: rgb(255, 255, 255);\"><li style=\"margin: 0px; padding: 0px; max-width: 100%;\">Bạn nên rửa sạch tay trước khi sử dụng túi bởi mồ hôi và chất nhờn từ tay có thể khiến cho đồ da dễ bắt bụi, phần da túi mà chúng ta hay cầm vào có thể bị bong tróc hay thậm chí là chuyển màu khiến cho chiếc túi trở nên loang lổ mà thậm chí là cũ kĩ.</li><li style=\"margin: 0px; padding: 0px; max-width: 100%;\">Nên chú ý đến việc kiểm soát các vật dụng trong túi xách, việc đựng quá nhiều đồ có thể làm cho chiếc túi da của bạn mất dáng trông rất xấu hay nhiều khi nó còn khiến phần da túi bị căng ra, dễ bị nứt rách...</li><li style=\"margin: 0px; padding: 0px; max-width: 100%;\">Không được để những đồ sắc nhọn tiếp xúc trực tiếp lên bề mặt da vì sẽ làm da bị rách, thủng lỗ khiến đồ vật da xấu, mất thẩm mĩ…</li></ul><ol style=\"margin-right: 0px; margin-bottom: 10px; margin-left: 0px; padding: 0px 0px 0px 20px; font-family: SVN_Gotham, sans-serif; max-width: 100%; color: rgb(37, 42, 43); font-size: 14px; background-color: rgb(255, 255, 255);\"><li style=\"margin: 0px; padding: 0px; max-width: 100%;\"><span style=\"margin: 0px; padding: 0px; font-weight: 700; max-width: 100%;\">Bảo dưỡng đồ da LATA thường xuyên</span></li></ol><ul style=\"margin-right: 0px; margin-bottom: 10px; margin-left: 0px; padding: 0px 0px 0px 20px; font-family: SVN_Gotham, sans-serif; list-style: initial; max-width: 100%; color: rgb(37, 42, 43); font-size: 14px; background-color: rgb(255, 255, 255);\"><li style=\"margin: 0px; padding: 0px; max-width: 100%;\">Dùng bản chải chuyên dụng cho da khi xử lý và phục hồi túi mang chất liệu này.</li><li style=\"margin: 0px; padding: 0px; max-width: 100%;\">Bạn nên dùng kem dưỡng ẩm hoặc dung dịch cho chất liệu da để giúp da túi dẻo dai và hạn chế các vết nứt.</li><li style=\"margin: 0px; padding: 0px; max-width: 100%;\">Lau sạch túi hàng tuần bằng miếng vải mềm.</li></ul>',86,'2021-04-19 21:43:03','2021-04-19 21:54:15',NULL,NULL,1,17,'huong-dan-bao-quan-o-da-1618844055203'),(7,'Da bò vụn là gì? Tiêu chí chọn mua tốt nhất','blog/avatar/da-bo-vun.jpg','<p><span style=\"margin: 0px; padding: 0px; color: rgb(68, 74, 89); font-family: VNFFutura; font-size: 15px; text-align: justify; background-color: rgb(255, 255, 255);\">Da bò là một trong những chất liệu được sử dụng rộng rãi trên thị trường đồ da tại Việt Nam. Nhờ đặc điểm là có độ bền cao, giá thành lại tương đối rẻ nên nhiều người có nhu cầu tìm mua da bò vụn để chế biến thành sản phẩm ngành da. Vậy&nbsp;</span><span style=\"margin: 0px; padding: 0px; font-weight: 700; color: rgb(68, 74, 89); font-family: VNFFutura; font-size: 15px; text-align: justify; background-color: rgb(255, 255, 255);\">da bò vụn là gì</span><span style=\"margin: 0px; padding: 0px; color: rgb(68, 74, 89); font-family: VNFFutura; font-size: 15px; text-align: justify; background-color: rgb(255, 255, 255);\">, tiêu chí chọn và đâu là&nbsp;</span><span style=\"margin: 0px; padding: 0px; font-weight: 700; color: rgb(68, 74, 89); font-family: VNFFutura; font-size: 15px; text-align: justify; background-color: rgb(255, 255, 255);\">địa chỉ bán da bò vụn</span><span style=\"margin: 0px; padding: 0px; color: rgb(68, 74, 89); font-family: VNFFutura; font-size: 15px; text-align: justify; background-color: rgb(255, 255, 255);\">&nbsp;tốt nhất trên thị trường, hãy cùng Thương hiệu đồ da Wada leather tìm hiểu qua bài chia sẻ sau đây nhé!</span><br></p>','<h2 style=\"margin: 20px 0px 10px; padding: 0px; font-family: VNFFutura; line-height: 1.1; color: rgb(68, 74, 89); font-size: 24px; background-color: rgb(255, 255, 255); text-align: justify;\"><span style=\"margin: 0px; padding: 0px; font-weight: 700;\">Da bò là một trong những chất liệu được sử dụng rộng rãi trên thị trường đồ da tại Việt Nam. Nhờ đặc điểm là có độ bền cao, giá thành lại tương đối rẻ nên nhiều người có nhu cầu tìm mua da bò vụn để chế biến thành sản phẩm ngành da. Vậy&nbsp;<span style=\"margin: 0px; padding: 0px; font-size: 15px;\">da bò vụn là gì</span><span style=\"font-weight: 400; margin: 0px; padding: 0px; font-size: 15px;\">, tiêu chí chọn và đâu là&nbsp;</span><span style=\"margin: 0px; padding: 0px; font-size: 15px;\">địa chỉ bán da bò vụn</span><span style=\"font-weight: 400; margin: 0px; padding: 0px; font-size: 15px;\">&nbsp;tốt nhất trên thị trường, hãy cùng Thương hiệu đồ da Wada leather tìm hiểu qua bài chia sẻ sau đây nhé!</span><br></span></h2><h2 style=\"margin: 20px 0px 10px; padding: 0px; font-family: VNFFutura; line-height: 1.1; color: rgb(68, 74, 89); font-size: 24px; background-color: rgb(255, 255, 255); text-align: justify;\"><span style=\"margin: 0px; padding: 0px; font-weight: 700;\">Da bò và đặc điểm của da bò&nbsp;</span><span class=\"ez-toc-section-end\" style=\"margin: 0px; padding: 0px;\"></span></h2><p style=\"margin-right: 0px; margin-bottom: 10px; margin-left: 0px; padding: 0px; color: rgb(68, 74, 89); font-family: VNFFutura; font-size: 15px; background-color: rgb(255, 255, 255); text-align: justify;\"><span style=\"margin: 0px; padding: 0px;\">Con người đã biết sử dụng da bò để chế tạo thành những phụ kiện giúp ích trong cuộc sống từ hàng hàng nghìn năm trước đây. Nói một cách đơn giản, da bò là phần da và lông tự nhiên, không tẩy trắng của con bò. Mặc dù da bò là một sản phẩm của ngành công nghiệp thực phẩm liên quan đến gia súc nhưng nó cũng rất thường được chế biến thành da.&nbsp;</span></p><p style=\"margin-right: 0px; margin-bottom: 10px; margin-left: 0px; padding: 0px; color: rgb(68, 74, 89); font-family: VNFFutura; font-size: 15px; background-color: rgb(255, 255, 255);\"><img loading=\"lazy\" class=\"aligncenter wp-image-145024 size-full\" title=\"Đặc điểm của da bò vụn\" src=\"https://tamanh.net/wp-content/uploads/2021/03/da-bo-vun.jpg\" alt=\"Đặc điểm của da bò vụn\" width=\"800\" height=\"450\" style=\"margin: 10px auto; padding: 0px; border: 0px; max-width: 100%; max-height: 100%; height: auto; width: auto; clear: both; display: table;\"></p><p style=\"margin-right: 0px; margin-bottom: 10px; margin-left: 0px; padding: 0px; color: rgb(68, 74, 89); font-family: VNFFutura; font-size: 15px; background-color: rgb(255, 255, 255); text-align: justify;\"><span style=\"margin: 0px; padding: 0px;\">Trải qua quá trình xử lý đặc biệt,&nbsp;<span style=\"margin: 0px; padding: 0px; font-weight: 700;\">da bò</span>&nbsp;được sử dụng để làm thành một số sản phẩm khác nhau. Loại da thuộc này ít được sử dụng trong ngành thời trang áo mà được sử dụng nhiều cho gia công túi xách, giày, dép, nội thất gia đình, ô-tô. Da bò cũng thường được dùng để làm giày, dây lưng, ví, cặp, túi xách da cao cấp…</span></p><p style=\"margin-right: 0px; margin-bottom: 10px; margin-left: 0px; padding: 0px; color: rgb(68, 74, 89); font-family: VNFFutura; font-size: 15px; background-color: rgb(255, 255, 255); text-align: justify;\"><span style=\"margin: 0px; padding: 0px;\">Da bò có những đặc điểm khá tương đồng với da dê, da cừu. Tuy nhiên nếu bạn có am hiểu một chút về da thì chắc chắn sẽ nhận ra một số điều khác biệt như: Da dê và da cừu có độ mềm dẻo, co giãn tốt hơn da bò. Đồng thời các sản phẩm làm từ da dê, da cừu cũng có xu hướng nhẹ hơn da bò. Tuy nhiên nếu bạn muốn sở hữu những sản phẩm da các đặc tính cách nhiệt tốt thì da bò lại thích hợp hơn cả.</span></p><p style=\"margin-right: 0px; margin-bottom: 10px; margin-left: 0px; padding: 0px; color: rgb(68, 74, 89); font-family: VNFFutura; font-size: 15px; background-color: rgb(255, 255, 255); text-align: justify;\"><span style=\"margin: 0px; padding: 0px;\">Da bò không chỉ là một trong những loại da gắn liền với lịch sử lâu đời mà nó còn là một trong những loại da thiết thực cho đến nay. Nó có thể không phải lúc nào trông cũng đẹp và mềm mại, cũng như không thể mềm dẻo và co giãn được như hầu hết các loại da, tuy nhiên, nó có tuổi thọ cao, độ bền đáng kinh ngạc, cách nhiệt tuyệt vời đảm bảo bạn luôn ấm áp.&nbsp;</span></p><h2 style=\"margin: 20px 0px 10px; padding: 0px; font-family: VNFFutura; line-height: 1.1; color: rgb(68, 74, 89); font-size: 24px; background-color: rgb(255, 255, 255); text-align: justify;\"><span class=\"ez-toc-section\" id=\"Da_bo_vun_la_gi\" style=\"margin: 0px; padding: 0px;\"></span><span style=\"margin: 0px; padding: 0px; font-weight: 700;\">Da bò vụn là gì?</span><span class=\"ez-toc-section-end\" style=\"margin: 0px; padding: 0px;\"></span></h2><p style=\"margin-right: 0px; margin-bottom: 10px; margin-left: 0px; padding: 0px; color: rgb(68, 74, 89); font-family: VNFFutura; font-size: 15px; background-color: rgb(255, 255, 255); text-align: justify;\"><span style=\"margin: 0px; padding: 0px;\">Trước khi tìm hiểu&nbsp;</span><span style=\"margin: 0px; padding: 0px; font-weight: 700;\">da bò vụn là gì</span><span style=\"margin: 0px; padding: 0px;\">, thì bạn cũng nên tìm hiểu khái niệm da bò nguyên tấm. Da bò nguyên tấm đề cập đến phần da sống, trong trường hợp này là da bò chưa được đánh nhám, đánh bóng hoặc nhồi bông. Trong lĩnh vực thuộc da, da bò nguyên tấm dùng để chỉ loại chất liệu da thật, có đặc tính mềm, dẻo dai, đặc biệt là khả năng sử dụng lâu dài của sản phẩm được chế tác từ nguyên liệu.</span></p><p style=\"margin-right: 0px; margin-bottom: 10px; margin-left: 0px; padding: 0px; color: rgb(68, 74, 89); font-family: VNFFutura; font-size: 15px; background-color: rgb(255, 255, 255); text-align: justify;\"><span style=\"margin: 0px; padding: 0px;\">Bên cạnh những loại da bò nguyên tấm, da bò vụn cũng được sử dụng khá phổ biến trên thị trường Việt Nam hiện nay. Đây là nguyên liệu và sản phẩm bị loại bỏ trong quá trình sản xuất hoặc tiêu thụ, sau đó được các đơn vị&nbsp;</span><span style=\"margin: 0px; padding: 0px; font-weight: 700;\">thu mua da bò tươi&nbsp;</span><span style=\"margin: 0px; padding: 0px;\">thu hồi để sử dụng làm nguyên liệu cho một quy trình sản xuất khác.</span></p><p style=\"margin-right: 0px; margin-bottom: 10px; margin-left: 0px; padding: 0px; color: rgb(68, 74, 89); font-family: VNFFutura; font-size: 15px; background-color: rgb(255, 255, 255); text-align: justify;\"><span style=\"margin: 0px; padding: 0px;\">Dựa vào giá thành rẻ, giúp tiết kiệm chi phí và bảo vệ môi trường mà hiện nay xu hướng sử dụng da bò vụn ngày càng tăng. Hầu hết, loại nguyên liệu này được ứng dụng để tạo ra các sản phẩm như ví da nam và nữ, túi xách da, giày da, thắt lưng da, đồng hồ da..</span><span style=\"margin: 0px; padding: 0px;\">.</span></p><p style=\"margin-right: 0px; margin-bottom: 10px; margin-left: 0px; padding: 0px; color: rgb(68, 74, 89); font-family: VNFFutura; font-size: 15px; background-color: rgb(255, 255, 255);\"><span style=\"font-weight: 700; font-size: 24px; text-align: justify;\">Ưu điểm của da bò vụn</span><br></p><h2 style=\"margin: 20px 0px 10px; padding: 0px; font-family: VNFFutura; line-height: 1.1; color: rgb(68, 74, 89); font-size: 24px; background-color: rgb(255, 255, 255); text-align: justify;\"><span class=\"ez-toc-section-end\" style=\"margin: 0px; padding: 0px;\"></span></h2><p style=\"margin-right: 0px; margin-bottom: 10px; margin-left: 0px; padding: 0px; color: rgb(68, 74, 89); font-family: VNFFutura; font-size: 15px; background-color: rgb(255, 255, 255); text-align: justify;\"><span style=\"margin: 0px; padding: 0px;\">Không phải ngẫu nhiên mà da bò vụn được nhiều người tìm kiếm và thu mua đến vậy. Chúng sở hữu nhiều ưu điểm đặc biệt để trở thành sự lựa chọn hoàn hảo cho khách hàng, bao gồm:</span></p><p style=\"margin-right: 0px; margin-bottom: 10px; margin-left: 0px; padding: 0px; color: rgb(68, 74, 89); font-family: VNFFutura; font-size: 15px; background-color: rgb(255, 255, 255); text-align: justify;\"><span style=\"margin: 0px; padding: 0px;\">– Giúp tiết kiệm chi phí: Da bò vụn có đặc điểm là có độ dày, mỏng, mềm, cứng khác nhau. Đồng thời bề mặt của da cũng có nhiều kiểu khác nhau, từ dập nổi, nhuộm, sơn,… Do đó có thể tận dụng da bò vụn để sản xuất một sản phẩm nào đó của các sản phẩm như ví da, túi xách da, giày da, thắt lưng da, đồng hồ da…</span></p><p style=\"margin-right: 0px; margin-bottom: 10px; margin-left: 0px; padding: 0px; color: rgb(68, 74, 89); font-family: VNFFutura; font-size: 15px; background-color: rgb(255, 255, 255); text-align: justify;\"><span style=\"margin: 0px; padding: 0px;\">– Loại nguyên liệu da này cũng được đánh giá là có độ dẻo dai, đàn hồi và độ bền cao. Do đó các sản phẩm làm từ da bò vụn chắc chắn vẫn sẽ được nhiều người đón nhận hơn các chất liệu giả da khác.</span></p><p style=\"margin-right: 0px; margin-bottom: 10px; margin-left: 0px; padding: 0px; color: rgb(68, 74, 89); font-family: VNFFutura; font-size: 15px; background-color: rgb(255, 255, 255); text-align: justify;\"><span style=\"margin: 0px; padding: 0px;\">– Mặt khác, chất liệu da bò cũng rất dễ dàng vệ sinh. Người sử dụng vừa được đáp ứng hai tiêu chí sử dụng lâu dài và không lo mất quá nhiều thời gian và công sức cho việc làm sạch đồ vật làm từ chất liệu da bò.</span></p><p style=\"margin-right: 0px; margin-bottom: 10px; margin-left: 0px; padding: 0px; color: rgb(68, 74, 89); font-family: VNFFutura; font-size: 15px; background-color: rgb(255, 255, 255);\"><img loading=\"lazy\" class=\"aligncenter wp-image-145026 size-full\" title=\"Ưu điểm da bò vụn\" src=\"https://tamanh.net/wp-content/uploads/2021/03/uu-diem-da-bo-vun.jpg\" alt=\"Ưu điểm da bò vụn\" width=\"960\" height=\"639\" style=\"margin: 10px auto; padding: 0px; border: 0px; max-width: 100%; max-height: 100%; height: auto; width: auto; clear: both; display: table;\"></p><p style=\"margin-right: 0px; margin-bottom: 10px; margin-left: 0px; padding: 0px; color: rgb(68, 74, 89); font-family: VNFFutura; font-size: 15px; background-color: rgb(255, 255, 255); text-align: justify;\"><span style=\"margin: 0px; padding: 0px;\">Nếu bạn đã tìm hiểu&nbsp;</span><span style=\"margin: 0px; padding: 0px; font-weight: 700;\">da bò vụn là gì</span><span style=\"margin: 0px; padding: 0px;\">&nbsp;cùng những ưu điểm nổi bật của chúng, chắc bạn sẽ cảm thấy rằng đây chính là chất liệu phù hợp nhất để làm ra những sản phẩm thủ công có nét độc đáo và cá tính riêng. Và nó cũng giúp bạn tiết kiệm hơn nhiều so với da bò nguyên tấm.</span></p><h2 style=\"margin: 20px 0px 10px; padding: 0px; font-family: VNFFutura; line-height: 1.1; color: rgb(68, 74, 89); font-size: 24px; background-color: rgb(255, 255, 255); text-align: justify;\"><span class=\"ez-toc-section\" id=\"Tieu_chi_chon_da_bo_vun\" style=\"margin: 0px; padding: 0px;\"></span><span style=\"margin: 0px; padding: 0px; font-weight: 700;\">Tiêu chí chọn da bò vụn</span><span class=\"ez-toc-section-end\" style=\"margin: 0px; padding: 0px;\"></span></h2><p style=\"margin-right: 0px; margin-bottom: 10px; margin-left: 0px; padding: 0px; color: rgb(68, 74, 89); font-family: VNFFutura; font-size: 15px; background-color: rgb(255, 255, 255); text-align: justify;\"><span style=\"margin: 0px; padding: 0px;\">Với nhu cầu&nbsp;</span><span style=\"margin: 0px; padding: 0px; font-weight: 700;\">cần bán da vụn&nbsp;</span><span style=\"margin: 0px; padding: 0px;\">hoặc thu mua để sử dụng chế xuất thành sản phẩm mới, da bò vụn cần đáp ứng những tiêu chí sau:</span></p><p style=\"margin-right: 0px; margin-bottom: 10px; margin-left: 0px; padding: 0px; color: rgb(68, 74, 89); font-family: VNFFutura; font-size: 15px; background-color: rgb(255, 255, 255); text-align: justify;\"><span style=\"margin: 0px; padding: 0px;\">– Giá cả: Các sản phẩm làm bằng da bò thường có giá cao hơn làm từ da trâu (khoảng từ 20% – 30%). Tuy nhiên, đây cũng chỉ là tiêu chí phân biệt tương đối. Có trường hợp một số cửa hàng vì ham lợi nhuận có thể nâng giá da giả, da kém chất lượng lên cao để trục lợi từ khách hàng.</span></p><p style=\"margin-right: 0px; margin-bottom: 10px; margin-left: 0px; padding: 0px; color: rgb(68, 74, 89); font-family: VNFFutura; font-size: 15px; background-color: rgb(255, 255, 255); text-align: justify;\"><span style=\"margin: 0px; padding: 0px;\">– Độ mềm của da: Những món đồ da làm từ da bò sẽ cho ta cảm nhận tốt hơn về độ mềm, mịn. So với da trâu thì da bò mỏng mềm và có tính đàn hồi tốt hơn. Nó cũng mềm và mát hơn hẳn so với các loại da giả. Bất cứ người nào cũng có thể sờ và cảm nhận được đặc điểm này của chất liệu da bò thật.</span></p><p style=\"margin-right: 0px; margin-bottom: 10px; margin-left: 0px; padding: 0px; color: rgb(68, 74, 89); font-family: VNFFutura; font-size: 15px; background-color: rgb(255, 255, 255); text-align: justify;\"><span style=\"margin: 0px; padding: 0px;\">– Phân biệt thông qua kích thước lỗ chân lông: Da bò lỗ chân lông có hình tròn, thẳng, không khít với nhau và phân bố đều. Được chia làm 2 loại, bao gồm loại da bò sáp (mịn, lỗ chân lông nhỏ khít hơn, nhưng nhìn kỹ vẫn có lỗ chân lông) và loại da bò hạt (rõ lỗ chân lông, trông sần sùi hơn, rõ lỗ chân lông hơn). Để dựa vào tiêu chí này thì bạn phải là người có am hiểu và nhiều năm kinh nghiệm.</span></p><h2 style=\"margin: 20px 0px 10px; padding: 0px; font-family: VNFFutura; line-height: 1.1; color: rgb(68, 74, 89); font-size: 24px; background-color: rgb(255, 255, 255); text-align: justify;\"><span class=\"ez-toc-section\" id=\"Nhung_dia_chi_ban_da_bo_vun_uy_tin,_chat_luong\" style=\"margin: 0px; padding: 0px;\"></span><span style=\"margin: 0px; padding: 0px; font-weight: 700;\">Những địa chỉ bán da bò vụn uy tín, chất lượng</span><span class=\"ez-toc-section-end\" style=\"margin: 0px; padding: 0px;\"></span></h2><p style=\"margin-right: 0px; margin-bottom: 10px; margin-left: 0px; padding: 0px; color: rgb(68, 74, 89); font-family: VNFFutura; font-size: 15px; background-color: rgb(255, 255, 255); text-align: justify;\"><span style=\"margin: 0px; padding: 0px;\">Ở Việt Nam, da bò vụn được bán ở hầu hết các tỉnh, thành phố trên cả nước. Việc xuất hiện ngày càng nhiều cơ sở bán da bò vụn đã tạo nên một thị trường đồ da đa dạng về các sản phẩm cũng như sự cạnh tranh ngày càng khốc liệt của các&nbsp;</span><span style=\"margin: 0px; padding: 0px; font-weight: 700;\">điểm thu mua da bò</span><span style=\"margin: 0px; padding: 0px;\">. Trong đó nổi bật là 5 địa điểm sau:</span></p><h3 style=\"margin: 20px 0px 10px; padding: 0px; font-family: VNFFutura; line-height: 1.1; color: rgb(68, 74, 89); font-size: 20px; background-color: rgb(255, 255, 255); text-align: justify;\"><span class=\"ez-toc-section\" id=\"1_Cong_ty_TNHH_TM_SX_Da_Thuoc_Sai_Gon\" style=\"margin: 0px; padding: 0px;\"></span><span style=\"margin: 0px; padding: 0px; font-weight: 700;\">1. Công ty TNHH TM &amp; SX Da Thuộc Sài Gòn</span><span class=\"ez-toc-section-end\" style=\"margin: 0px; padding: 0px;\"></span></h3><p style=\"margin-right: 0px; margin-bottom: 10px; margin-left: 0px; padding: 0px; color: rgb(68, 74, 89); font-family: VNFFutura; font-size: 15px; background-color: rgb(255, 255, 255); text-align: justify;\"><span style=\"margin: 0px; padding: 0px;\">Đây là&nbsp;</span><span style=\"margin: 0px; padding: 0px; font-weight: 700;\">nơi bán da bò vụn&nbsp;</span><span style=\"margin: 0px; padding: 0px;\">số 1 Việt Nam. Nếu bạn đang có ý tưởng kinh doanh các sản phẩm da thuộc phục vụ nhu cầu mua sắm của người tiêu dùng thì hãy liên hệ với công ty theo những thông tin sau:</span></p><ul style=\"margin-right: 0px; margin-bottom: 0px; margin-left: 0px; padding: 0px 0px 0px 15px; list-style: none; color: rgb(68, 74, 89); font-family: VNFFutura; font-size: 15px; background-color: rgb(255, 255, 255); text-align: justify;\"><li aria-level=\"1\" style=\"margin: 0px; padding: 0px; list-style: disc;\"><span style=\"margin: 0px; padding: 0px;\">Địa chỉ: 220 Hoàng Hữu Nam, P.Long Thạnh Mỹ, quận 9, TP.Hồ Chí Minh</span></li><li aria-level=\"1\" style=\"margin: 0px; padding: 0px; list-style: disc;\"><span style=\"margin: 0px; padding: 0px;\">Điện thoại: 0963515051</span></li><li aria-level=\"1\" style=\"margin: 0px; padding: 0px; list-style: disc;\"><span style=\"margin: 0px; padding: 0px;\">Email: thuocdasaigon@gmail.com</span></li></ul><h3 style=\"margin: 20px 0px 10px; padding: 0px; font-family: VNFFutura; line-height: 1.1; color: rgb(68, 74, 89); font-size: 20px; background-color: rgb(255, 255, 255); text-align: justify;\"><span class=\"ez-toc-section\" id=\"2_Ngoc_Quang_Leather\" style=\"margin: 0px; padding: 0px;\"></span><span style=\"margin: 0px; padding: 0px; font-weight: 700;\">2. Ngọc Quang Leather</span><span class=\"ez-toc-section-end\" style=\"margin: 0px; padding: 0px;\"></span></h3><p style=\"margin-right: 0px; margin-bottom: 10px; margin-left: 0px; padding: 0px; color: rgb(68, 74, 89); font-family: VNFFutura; font-size: 15px; background-color: rgb(255, 255, 255); text-align: justify;\"><span style=\"margin: 0px; padding: 0px;\">Đây là&nbsp;</span><span style=\"margin: 0px; padding: 0px; font-weight: 700;\">địa chỉ bán da bò vụn da phế liệu&nbsp;</span><span style=\"margin: 0px; padding: 0px;\">chuẩn, chính hãng 100%. Người tiêu dùng có thể tìm thấy những sản phẩm da thật tại Ngọc Quang nhận chế độ bảo hành 12 tháng và bảo trì sản phẩm trọn đời khi mua hàng tại:</span></p><ul style=\"margin-right: 0px; margin-bottom: 0px; margin-left: 0px; padding: 0px 0px 0px 15px; list-style: none; color: rgb(68, 74, 89); font-family: VNFFutura; font-size: 15px; background-color: rgb(255, 255, 255); text-align: justify;\"><li aria-level=\"1\" style=\"margin: 0px; padding: 0px; list-style: disc;\"><span style=\"margin: 0px; padding: 0px;\">Showroom 1: 2N Cư Xá Phú Lâm D, Phường 10, Quận 6, Tp.HCM</span></li><li aria-level=\"1\" style=\"margin: 0px; padding: 0px; list-style: disc;\"><span style=\"margin: 0px; padding: 0px;\">Hotline: 098-300-9285</span></li><li aria-level=\"1\" style=\"margin: 0px; padding: 0px; list-style: disc;\"><span style=\"margin: 0px; padding: 0px;\">Website: https://vietnamleather.com/</span></li></ul><h3 style=\"margin: 20px 0px 10px; padding: 0px; font-family: VNFFutura; line-height: 1.1; color: rgb(68, 74, 89); font-size: 20px; background-color: rgb(255, 255, 255); text-align: justify;\"><span class=\"ez-toc-section\" id=\"3_Sofatoanquoc_com\" style=\"margin: 0px; padding: 0px;\"></span><span style=\"margin: 0px; padding: 0px; font-weight: 700;\">3. Sofatoanquoc.com</span><span class=\"ez-toc-section-end\" style=\"margin: 0px; padding: 0px;\"></span></h3><p style=\"margin-right: 0px; margin-bottom: 10px; margin-left: 0px; padding: 0px; color: rgb(68, 74, 89); font-family: VNFFutura; font-size: 15px; background-color: rgb(255, 255, 255); text-align: justify;\"><span style=\"margin: 0px; padding: 0px;\">Thêm một&nbsp;</span><span style=\"margin: 0px; padding: 0px; font-weight: 700;\">cơ sở bán da bò vụn&nbsp;</span><span style=\"margin: 0px; padding: 0px;\">uy tín được nhiều người biết đến đó là hệ thống showroom Sofatoanquoc.com. Bạn có thể liên hệ với 1 trong 2 cơ sở gần nhất để được hỗ trợ tốt nhất:</span></p><p style=\"margin-right: 0px; margin-bottom: 10px; margin-left: 0px; padding: 0px; color: rgb(68, 74, 89); font-family: VNFFutura; font-size: 15px; background-color: rgb(255, 255, 255); text-align: justify;\"><span style=\"margin: 0px; padding: 0px;\">Tại Hà Nội:</span></p><ul style=\"margin-right: 0px; margin-bottom: 0px; margin-left: 0px; padding: 0px 0px 0px 15px; list-style: none; color: rgb(68, 74, 89); font-family: VNFFutura; font-size: 15px; background-color: rgb(255, 255, 255); text-align: justify;\"><li aria-level=\"1\" style=\"margin: 0px; padding: 0px; list-style: disc;\"><span style=\"margin: 0px; padding: 0px;\">Địa chỉ showroom: Số 142A – Quang Trung – Hà Đông – Hà Nội</span></li><li aria-level=\"1\" style=\"margin: 0px; padding: 0px; list-style: disc;\"><span style=\"margin: 0px; padding: 0px;\">Hotline : 0988 269 888</span></li><li aria-level=\"1\" style=\"margin: 0px; padding: 0px; list-style: disc;\"><span style=\"margin: 0px; padding: 0px;\">Email: kinhdoanh@sofatoanquoc.com</span></li></ul><p style=\"margin-right: 0px; margin-bottom: 10px; margin-left: 0px; padding: 0px; color: rgb(68, 74, 89); font-family: VNFFutura; font-size: 15px; background-color: rgb(255, 255, 255); text-align: justify;\"><span style=\"margin: 0px; padding: 0px;\">Tại TP. Hồ Chí Minh:</span></p><ul style=\"margin-right: 0px; margin-bottom: 0px; margin-left: 0px; padding: 0px 0px 0px 15px; list-style: none; color: rgb(68, 74, 89); font-family: VNFFutura; font-size: 15px; background-color: rgb(255, 255, 255); text-align: justify;\"><li aria-level=\"1\" style=\"margin: 0px; padding: 0px; list-style: disc;\"><span style=\"margin: 0px; padding: 0px;\">Số 5 Nhà Vuông – Trung Chánh – Hóc Môn – TP. Hồ Chí Minh</span></li><li aria-level=\"1\" style=\"margin: 0px; padding: 0px; list-style: disc;\"><span style=\"margin: 0px; padding: 0px;\">Hotline : 0918.612.666</span></li><li aria-level=\"1\" style=\"margin: 0px; padding: 0px; list-style: disc;\"><span style=\"margin: 0px; padding: 0px;\">Email: kinhdoanh@sofatoanquoc.com</span></li></ul><h3 style=\"margin: 20px 0px 10px; padding: 0px; font-family: VNFFutura; line-height: 1.1; color: rgb(68, 74, 89); font-size: 20px; background-color: rgb(255, 255, 255); text-align: justify;\"><span class=\"ez-toc-section\" id=\"4_Dung_cu_lam_do_da\" style=\"margin: 0px; padding: 0px;\"></span><span style=\"margin: 0px; padding: 0px; font-weight: 700;\">4. Dụng cụ làm đồ da</span><span class=\"ez-toc-section-end\" style=\"margin: 0px; padding: 0px;\"></span></h3><p style=\"margin-right: 0px; margin-bottom: 10px; margin-left: 0px; padding: 0px; color: rgb(68, 74, 89); font-family: VNFFutura; font-size: 15px; background-color: rgb(255, 255, 255); text-align: justify;\"><span style=\"margin: 0px; padding: 0px;\">Ngoài là đơn vị&nbsp;</span><span style=\"margin: 0px; padding: 0px; font-weight: 700;\">cung cấp da bò&nbsp;</span><span style=\"margin: 0px; padding: 0px;\">sỉ, lẻ giá tốt trên thị trường, nơi đây còn thu hút những người quan tâm đến lĩnh vực kinh doanh đồ da với các khóa học miễn phí làm đồ da cơ bản, làm đồ da nâng cao. Nếu bạn có nhu cầu có thể liên hệ với shop theo những thông tin sau đây:</span></p><ul style=\"margin-right: 0px; margin-bottom: 0px; margin-left: 0px; padding: 0px 0px 0px 15px; list-style: none; color: rgb(68, 74, 89); font-family: VNFFutura; font-size: 15px; background-color: rgb(255, 255, 255); text-align: justify;\"><li aria-level=\"1\" style=\"margin: 0px; padding: 0px; list-style: disc;\"><span style=\"margin: 0px; padding: 0px;\">Địa chỉ: 26 Đường Số 7, Khu dân cư Hồng Long, P. Hiệp Bình Phước, Q. Thủ Đức, TP. HCM</span></li><li aria-level=\"1\" style=\"margin: 0px; padding: 0px; list-style: disc;\"><span style=\"margin: 0px; padding: 0px;\">Hotline: 0983.369.234</span></li></ul><h2 style=\"margin: 20px 0px 10px; padding: 0px; font-family: VNFFutura; line-height: 1.1; color: rgb(68, 74, 89); font-size: 24px; background-color: rgb(255, 255, 255); text-align: justify;\"><span class=\"ez-toc-section\" id=\"Luu_y_khi_thu_mua_da_bo_phe_lieu\" style=\"margin: 0px; padding: 0px;\"></span><span style=\"margin: 0px; padding: 0px; font-weight: 700;\">Lưu ý khi thu mua da bò phế liệu</span><span class=\"ez-toc-section-end\" style=\"margin: 0px; padding: 0px;\"></span></h2><p style=\"margin-right: 0px; margin-bottom: 10px; margin-left: 0px; padding: 0px; color: rgb(68, 74, 89); font-family: VNFFutura; font-size: 15px; background-color: rgb(255, 255, 255); text-align: justify;\"><span style=\"margin: 0px; padding: 0px;\">Ngoài việc tìm đến các&nbsp;</span><span style=\"margin: 0px; padding: 0px; font-weight: 700;\">cơ sở bán da bò vụn&nbsp;</span><span style=\"margin: 0px; padding: 0px;\">uy tín, bạn cũng nên lưu ý thêm những điều sau đây:</span></p><p style=\"margin-right: 0px; margin-bottom: 10px; margin-left: 0px; padding: 0px; color: rgb(68, 74, 89); font-family: VNFFutura; font-size: 15px; background-color: rgb(255, 255, 255); text-align: justify;\"><span style=\"margin: 0px; padding: 0px;\">Thứ nhất, khách hàng nên tìm hiểu thật kỹ về về nguồn gốc, chất lượng, độ bền, màu sắc, mùi,… của da bò mà cơ sở&nbsp;</span><span style=\"margin: 0px; padding: 0px; font-weight: 700;\">bán da bò vụn da phế liệu</span><span style=\"margin: 0px; padding: 0px;\">&nbsp;đó cung cấp.</span></p><p style=\"margin-right: 0px; margin-bottom: 10px; margin-left: 0px; padding: 0px; color: rgb(68, 74, 89); font-family: VNFFutura; font-size: 15px; background-color: rgb(255, 255, 255); text-align: justify;\"><span style=\"margin: 0px; padding: 0px;\">Thứ hai, nên tham khảo giá thành của mặt hàng cần mua tại nhiều cơ sở cung cấp khác nhau, từ đó lựa chọn được sản phẩm với giá tiết kiệm nhất, hạn chế trường hợp mua phải hàng với giá cao.</span></p><p style=\"margin-right: 0px; margin-bottom: 10px; margin-left: 0px; padding: 0px; color: rgb(68, 74, 89); font-family: VNFFutura; font-size: 15px; background-color: rgb(255, 255, 255); text-align: justify;\"><span style=\"margin: 0px; padding: 0px;\">Thứ ba, để lựa chọn sản phẩm phù hợp nhất, đồng thời bảo vệ quyền lợi của mình khi mua hàng, khách hàng cũng nên chú trọng đến chất lượng của dịch vụ tư vấn và dịch vụ bảo hành của những cơ sở&nbsp;</span><span style=\"margin: 0px; padding: 0px; font-weight: 700;\">bán da bò vụn da phế liệu</span><span style=\"margin: 0px; padding: 0px;\">.</span></p><h2 style=\"margin: 20px 0px 10px; padding: 0px; font-family: VNFFutura; line-height: 1.1; color: rgb(68, 74, 89); font-size: 24px; background-color: rgb(255, 255, 255); text-align: justify;\"><span class=\"ez-toc-section\" id=\"Loi_ket\" style=\"margin: 0px; padding: 0px;\"></span><span style=\"margin: 0px; padding: 0px; font-weight: 700;\">Lời kết</span><span class=\"ez-toc-section-end\" style=\"margin: 0px; padding: 0px;\"></span></h2><p style=\"margin-right: 0px; margin-bottom: 10px; margin-left: 0px; padding: 0px; color: rgb(68, 74, 89); font-family: VNFFutura; font-size: 15px; background-color: rgb(255, 255, 255); text-align: justify;\"><span style=\"margin: 0px; padding: 0px;\">Hy vọng với những thông tin mà Wada leather&nbsp;chia sẻ ở trên bạn đã biết&nbsp;</span><span style=\"margin: 0px; padding: 0px; font-weight: 700;\">da bò vụn là gì</span><span style=\"margin: 0px; padding: 0px;\">, làm thế nào để lựa chọn được nơi cung cấp da bò vụn uy tín, sao cho vừa đảm bảo chất lượng, vừa giúp cho việc tiết kiệm chi phí, cũng như khâu cấu thành sản phẩm đồ da được tối ưu nhất có thể. Chúc bạn sẽ luôn có được những sự lựa chọn chính xác trên con đường sự nghiệp của mình.</span></p>',4,'2021-04-21 16:43:12','2021-04-21 16:51:31',NULL,NULL,1,17,'da-bo-vun-la-gi-tieu-chi-chon-mua-tot-nhat-1618998691260'),(8,'Cách Phân Biệt Da Thật Và Da Giả, Chất Lượng Của Các Loại Da Thật 100%','blog/avatar/cach-nhan-biet-da-that-va-da-gia.jpg','<p><span style=\"color: rgb(51, 51, 51); font-family: Arial, Helvetica, sans-serif; font-size: 17.088px; font-style: italic; background-color: rgb(255, 255, 255);\">Sẽ ra sao nếu tôi nói với bạn&nbsp;</span><a href=\"https://hangdachat.com/cach-phan-biet-da-that-va-da-gia/\" style=\"background-color: rgb(255, 255, 255); touch-action: manipulation; color: rgb(10, 3, 4); font-family: Arial, Helvetica, sans-serif; font-size: 17.088px; font-style: italic;\">cách phân biệt da thật và da giả</a><span style=\"color: rgb(51, 51, 51); font-family: Arial, Helvetica, sans-serif; font-size: 17.088px; font-style: italic; background-color: rgb(255, 255, 255);\">? Sẽ ra sao nếu bạn mua phải đồ da giả, kém chất lượng nhưng dán mác da thật?</span><br></p>','<p class=\"thin-font\" style=\"margin-bottom: 1.3em; color: rgb(119, 119, 119); font-family: Arial, Helvetica, sans-serif; font-size: 14.24px; background-color: rgb(255, 255, 255);\"><em>Sản phẩm bằng da thật hoàn toàn khác biệt với sản phẩm giả da.</em>&nbsp;Do độ hoàn thiện tự nhiên, phong phú và trang nhã của chúng.</p><p class=\"thin-font\" style=\"margin-bottom: 1.3em; color: rgb(119, 119, 119); font-family: Arial, Helvetica, sans-serif; font-size: 14.24px; background-color: rgb(255, 255, 255);\">Ngày nay, nhiều sản phẩm giả da trên thị trường được bán rẻ hơn.&nbsp;<em>Nhiều sản phẩm được được làm giả, chất lượng kém và được dán mác “Da Thật” hoặc “làm bằng da thật”</em>. Đây là hình thức để đánh lừa người khách hàng.</p><p class=\"thin-font\" style=\"margin-bottom: 1.3em; color: rgb(119, 119, 119); font-family: Arial, Helvetica, sans-serif; font-size: 14.24px; background-color: rgb(255, 255, 255);\"><img loading=\"lazy\" class=\"aligncenter size-full wp-image-6116\" src=\"https://hangdachat.com/wp-content/uploads/2020/08/cach-nhan-biet-da-that-va-da-gia.jpg\" alt=\"Cách phân biệt giày da thật và giả\" width=\"700\" height=\"463\" srcset=\"https://hangdachat.com/wp-content/uploads/2020/08/cach-nhan-biet-da-that-va-da-gia.jpg 700w, https://hangdachat.com/wp-content/uploads/2020/08/cach-nhan-biet-da-that-va-da-gia-510x337.jpg 510w, https://hangdachat.com/wp-content/uploads/2020/08/cach-nhan-biet-da-that-va-da-gia-605x400.jpg 605w\" sizes=\"(max-width: 700px) 100vw, 700px\" style=\"max-width: 100%; height: auto; display: block; transition: opacity 1s ease 0s; opacity: 1; clear: both; margin: 0px auto;\"></p><p class=\"thin-font\" style=\"margin-bottom: 1.3em; color: rgb(119, 119, 119); font-family: Arial, Helvetica, sans-serif; font-size: 14.24px; background-color: rgb(255, 255, 255); text-align: center;\">(Ảnh minh họa.)</p><h3 class=\"thin-font\" style=\"color: rgb(0, 0, 0); width: 859px; margin-bottom: 0.5em; text-rendering: optimizespeed; font-size: 1.5em; font-family: Arial, Helvetica, sans-serif; background-color: rgb(255, 255, 255);\"><span style=\"font-weight: 700 !important;\">1. Cảnh giác với những sản phẩm không phải là da thật.</span><span class=\"ez-toc-section-end\" style=\"-webkit-box-decoration-break: clone;\"></span></h3><p class=\"thin-font\" style=\"margin-bottom: 1.3em; color: rgb(119, 119, 119); font-family: Arial, Helvetica, sans-serif; font-size: 14.24px; background-color: rgb(255, 255, 255);\">Một tháng trước, một khách hàng của chúng tôi đã mua một chiếc cặp trên trang thương mại điện tử”, nhưng anh đã phải mua một chiếc&nbsp;<span style=\"font-weight: 700 !important;\"><span style=\"color: rgb(255, 0, 0);\">cặp da giả</span></span>&nbsp;được dán mác “<span style=\"color: rgb(255, 0, 0);\"><span style=\"font-weight: 700 !important;\">Cặp da thật</span></span>“, và đó là một chiếc lặp làm từ da tổng hợp. Khi trả lại thì&nbsp;<span style=\"color: rgb(0, 170, 231);\"><em>shop đó không nhận và kiếm lý do từ chối</em>,</span>&nbsp;tất nhiên là hàng hóa qua sử dụng thì không còn giá trị như mới.</p><p class=\"thin-font\" style=\"margin-bottom: 1.3em; color: rgb(119, 119, 119); font-family: Arial, Helvetica, sans-serif; font-size: 14.24px; background-color: rgb(255, 255, 255);\">Với anh khách hàng đó, đó là một bài học, do mua hàng ở địa chỉ<em>&nbsp;không uy tín và không rõ ràng</em>&nbsp;chính sách bảo hành sản phẩm. Tôi muốn khuyên bạn<em>&nbsp;tránh xa các sản phẩm không phải da thật.</em></p><p class=\"thin-font\" style=\"margin-bottom: 1.3em; color: rgb(119, 119, 119); font-family: Arial, Helvetica, sans-serif; font-size: 14.24px; background-color: rgb(255, 255, 255);\"><img loading=\"lazy\" class=\"aligncenter size-full wp-image-6099\" src=\"https://hangdachat.com/wp-content/uploads/2020/08/Cach-phan-biet-da-that-va-da-gia-1.jpg\" alt=\"Cách phân biệt da thật và da giả\" width=\"700\" height=\"433\" srcset=\"https://hangdachat.com/wp-content/uploads/2020/08/Cach-phan-biet-da-that-va-da-gia-1.jpg 700w, https://hangdachat.com/wp-content/uploads/2020/08/Cach-phan-biet-da-that-va-da-gia-1-510x315.jpg 510w, https://hangdachat.com/wp-content/uploads/2020/08/Cach-phan-biet-da-that-va-da-gia-1-647x400.jpg 647w\" sizes=\"(max-width: 700px) 100vw, 700px\" style=\"max-width: 100%; height: auto; display: block; transition: opacity 1s ease 0s; opacity: 1; clear: both; margin: 0px auto;\"></p><p class=\"thin-font\" style=\"margin-bottom: 1.3em; color: rgb(119, 119, 119); font-family: Arial, Helvetica, sans-serif; font-size: 14.24px; background-color: rgb(255, 255, 255); text-align: center;\"><em>(Ảnh minh họa )</em></p><p class=\"thin-font\" style=\"margin-bottom: 1.3em; color: rgb(119, 119, 119); font-family: Arial, Helvetica, sans-serif; font-size: 14.24px; background-color: rgb(255, 255, 255);\"><span style=\"font-weight: 700 !important;\">Da giả hay gọi là Simili (PVC):</span>&nbsp;gồm vải lót và dệt kim bằng Polyester lên trên kết hợp lại, rồi được nhuộm 1 lớp nhựa PVC để tạo liên kết. Tiếp đó sẽ dập vân, nhuộm màu,…để tạo thành simili.</p><p class=\"thin-font\" style=\"margin-bottom: 1.3em; color: rgb(119, 119, 119); font-family: Arial, Helvetica, sans-serif; font-size: 14.24px; background-color: rgb(255, 255, 255);\"><span style=\"font-weight: 700 !important;\">Da tổng hợp:</span>&nbsp;được làm từ da vụn động vật trải qua quá trình Polyester và các quá trình khác như tạo vân, nhuộm màu tạo thành da công nghiêp, da tổng hợp, da PVC,…</p><p class=\"thin-font\" style=\"margin-bottom: 1.3em; color: rgb(119, 119, 119); font-family: Arial, Helvetica, sans-serif; font-size: 14.24px; background-color: rgb(255, 255, 255);\"><span style=\"font-weight: 700 !important;\">Các sản phẩm da thật:</span>&nbsp;được làm từ da bò, da dê, da cá sấu, da đà điểu, da trâu… và công nghệ thuộc da để tạo độ bóng, sang trọng, đẹp và tăng độ bền. Các sản phẩm bằng da thật như Cặp, ví, Clutch, thắt lưng đều được xử lý như vậy.</p><h3 class=\"thin-font\" style=\"color: rgb(0, 0, 0); width: 859px; margin-bottom: 0.5em; text-rendering: optimizespeed; font-size: 1.5em; font-family: Arial, Helvetica, sans-serif; background-color: rgb(255, 255, 255);\"><span class=\"ez-toc-section\" id=\"2_Kiem_tra_be_mat_da_khi_mua\" style=\"-webkit-box-decoration-break: clone;\"></span><span style=\"font-weight: 700 !important;\">2. Kiểm tra bề mặt da khi mua.</span><span class=\"ez-toc-section-end\" style=\"-webkit-box-decoration-break: clone;\"></span></h3><p class=\"thin-font\" style=\"margin-bottom: 1.3em; color: rgb(119, 119, 119); font-family: Arial, Helvetica, sans-serif; font-size: 14.24px; background-color: rgb(255, 255, 255);\">Hãy nhớ rằng,&nbsp;<span style=\"font-weight: 700 !important;\"><em>da thật được làm từ da động vật</em></span>, do đó mỗi miếng da đều ngẫu nhiên và có sự độc đáo khác nhau. Các chi tiết như vân, nếp nhăn trên da đều đều thì chỉ ra một phần được làm.</p><p class=\"thin-font\" style=\"margin-bottom: 1.3em; color: rgb(119, 119, 119); font-family: Arial, Helvetica, sans-serif; font-size: 14.24px; background-color: rgb(255, 255, 255);\"><img loading=\"lazy\" class=\"aligncenter size-full wp-image-6098\" src=\"https://hangdachat.com/wp-content/uploads/2020/08/Cach-phan-biet-da-that-hay-gia-da-2.jpg\" alt=\"Cách phân biệt da that và da giả\" width=\"700\" height=\"443\" srcset=\"https://hangdachat.com/wp-content/uploads/2020/08/Cach-phan-biet-da-that-hay-gia-da-2.jpg 700w, https://hangdachat.com/wp-content/uploads/2020/08/Cach-phan-biet-da-that-hay-gia-da-2-510x323.jpg 510w, https://hangdachat.com/wp-content/uploads/2020/08/Cach-phan-biet-da-that-hay-gia-da-2-632x400.jpg 632w\" sizes=\"(max-width: 700px) 100vw, 700px\" style=\"max-width: 100%; height: auto; display: block; transition: opacity 1s ease 0s; opacity: 1; clear: both; margin: 0px auto;\"></p><p class=\"thin-font\" style=\"margin-bottom: 1.3em; color: rgb(119, 119, 119); font-family: Arial, Helvetica, sans-serif; font-size: 14.24px; background-color: rgb(255, 255, 255); text-align: center;\"><em>( Ảnh minh họa. )</em></p><p class=\"thin-font\" style=\"margin-bottom: 1.3em; color: rgb(119, 119, 119); font-family: Arial, Helvetica, sans-serif; font-size: 14.24px; background-color: rgb(255, 255, 255);\">Chất liệu da không hoàn hảo thực sự là một điều tốt. Hãy nhớ rằng, da thật được làm từ da động vật, và do đó mỗi miếng đều ngẫu nhiên và độc đáo.</p><ul style=\"list-style-position: initial; list-style-image: initial; padding: 0px; margin-bottom: 1.3em; color: rgb(119, 119, 119); font-family: Arial, Helvetica, sans-serif; font-size: 14.24px; background-color: rgb(255, 255, 255);\"><li style=\"margin-bottom: 0.6em; margin-left: 1.3em;\"><em><span style=\"font-weight: bolder;\">Da thật:</span></em>&nbsp;Có thể có vết xước, nếp gấp và nếp nhăn.</li><li style=\"margin-bottom: 0.6em; margin-left: 1.3em;\"><span style=\"font-weight: bolder;\"><em>Da giả:</em></span>&nbsp;Các hạt da trên bề mặt cứ đều đều do được làm bằng máy.</li></ul><blockquote style=\"margin-bottom: 1.25em; position: relative; font-size: 1.2em; padding: 0px 1.25em 0px 1.875em; border-left: 2px solid rgb(254, 201, 1); font-style: italic; color: rgb(51, 51, 51); border-top-color: rgb(254, 201, 1); border-right-color: rgb(254, 201, 1); border-bottom-color: rgb(254, 201, 1); font-family: Arial, Helvetica, sans-serif; background-color: rgb(255, 255, 255);\"><p style=\"margin-bottom: 1.3em;\"><em><span style=\"color: rgb(255, 0, 0);\"><span style=\"font-size: 20.5056px;\">Lưu ý:</span>&nbsp;</span>Các hàng da thật có thể xử lý qua công nghệ thuộc da hay không thuộc da sẽ khác nhau.</em></p></blockquote><h3 class=\"thin-font\" style=\"color: rgb(0, 0, 0); width: 859px; margin-bottom: 0.5em; text-rendering: optimizespeed; font-size: 1.5em; font-family: Arial, Helvetica, sans-serif; background-color: rgb(255, 255, 255);\"><span class=\"ez-toc-section\" id=\"3_An_vao_da_tim_cac_nep_nhan\" style=\"-webkit-box-decoration-break: clone;\"></span><span style=\"font-weight: 700 !important;\">3. Ấn vào da, tìm các nếp nhăn.</span><span class=\"ez-toc-section-end\" style=\"-webkit-box-decoration-break: clone;\"></span></h3><p class=\"thin-font\" style=\"margin-bottom: 1.3em; color: rgb(119, 119, 119); font-family: Arial, Helvetica, sans-serif; font-size: 14.24px; background-color: rgb(255, 255, 255);\"><em><span style=\"font-weight: 700 !important;\">Da thật</span></em>&nbsp;<em>sẽ nhăn dưới lớp da gai, giống như da thật</em>. Vật liệu tổng hợp thường chỉ lõm xuống dưới ngón tay của bạn, giữ được độ cứng và hình dạng.</p><p class=\"thin-font\" style=\"margin-bottom: 1.3em; color: rgb(119, 119, 119); font-family: Arial, Helvetica, sans-serif; font-size: 14.24px; background-color: rgb(255, 255, 255);\"><img loading=\"lazy\" class=\"aligncenter size-full wp-image-6100\" src=\"https://hangdachat.com/wp-content/uploads/2020/08/Cach-phan-biet-da-that-va-da-gia-3.jpg\" alt=\"Phân biệt da cá sấu thật và giả\" width=\"700\" height=\"435\" srcset=\"https://hangdachat.com/wp-content/uploads/2020/08/Cach-phan-biet-da-that-va-da-gia-3.jpg 700w, https://hangdachat.com/wp-content/uploads/2020/08/Cach-phan-biet-da-that-va-da-gia-3-510x317.jpg 510w, https://hangdachat.com/wp-content/uploads/2020/08/Cach-phan-biet-da-that-va-da-gia-3-644x400.jpg 644w\" sizes=\"(max-width: 700px) 100vw, 700px\" style=\"max-width: 100%; height: auto; display: block; transition: opacity 1s ease 0s; opacity: 1; clear: both; margin: 0px auto;\"></p><p class=\"thin-font\" style=\"margin-bottom: 1.3em; color: rgb(119, 119, 119); font-family: Arial, Helvetica, sans-serif; font-size: 14.24px; background-color: rgb(255, 255, 255); text-align: center;\"><em>( Ảnh tham khảo.)</em></p><h3 class=\"thin-font\" style=\"color: rgb(0, 0, 0); width: 859px; margin-bottom: 0.5em; text-rendering: optimizespeed; font-size: 1.5em; font-family: Arial, Helvetica, sans-serif; background-color: rgb(255, 255, 255);\"><span class=\"ez-toc-section\" id=\"4_Hay_ngui_da_tim_kiem_mui_tu_nhien_mui_moc_thay_vi_mui_nhua_hoac_mui_hoa_chat\" style=\"-webkit-box-decoration-break: clone;\"></span><span style=\"font-weight: 700 !important;\">4. Hãy ngửi da, tìm kiếm mùi tự nhiên, mùi mốc thay vì mùi nhựa hoặc mùi hóa chất.</span><span class=\"ez-toc-section-end\" style=\"-webkit-box-decoration-break: clone;\"></span></h3><p class=\"thin-font\" style=\"margin-bottom: 1.3em; color: rgb(119, 119, 119); font-family: Arial, Helvetica, sans-serif; font-size: 14.24px; background-color: rgb(255, 255, 255);\"><em>Nếu bạn không chắc chắn khi đánh giá 1 sản phẩm đồ da qua mùi</em>. Hãy đến&nbsp;<a href=\"https://hangdachat.com/gioi-thieu/\" style=\"touch-action: manipulation; color: rgb(10, 3, 4);\">HangDaChat</a>&nbsp;để thử một vài chiếc cặp da, túi xách da, clutch cầm tay.</p><p class=\"thin-font\" style=\"margin-bottom: 1.3em; color: rgb(119, 119, 119); font-family: Arial, Helvetica, sans-serif; font-size: 14.24px; background-color: rgb(255, 255, 255);\">Sau đó hay ngửi và đánh giá mùi của nó, một khi bạn đã quen mùi tự nhiên của da thật thì việc đánh giá sẽ<em><span style=\"font-weight: 700 !important;\">&nbsp;không thể nhầm lẫn.</span></em></p><p class=\"thin-font\" style=\"margin-bottom: 1.3em; color: rgb(119, 119, 119); font-family: Arial, Helvetica, sans-serif; font-size: 14.24px; background-color: rgb(255, 255, 255);\"><img loading=\"lazy\" class=\"aligncenter size-full wp-image-6101\" src=\"https://hangdachat.com/wp-content/uploads/2020/08/Cach-phan-biet-giay-da-that-va-gia-4.jpg\" alt=\"Phân biệt da that và da giả làm bằng PVC\" width=\"700\" height=\"436\" srcset=\"https://hangdachat.com/wp-content/uploads/2020/08/Cach-phan-biet-giay-da-that-va-gia-4.jpg 700w, https://hangdachat.com/wp-content/uploads/2020/08/Cach-phan-biet-giay-da-that-va-gia-4-510x318.jpg 510w, https://hangdachat.com/wp-content/uploads/2020/08/Cach-phan-biet-giay-da-that-va-gia-4-642x400.jpg 642w\" sizes=\"(max-width: 700px) 100vw, 700px\" style=\"max-width: 100%; height: auto; display: block; transition: opacity 1s ease 0s; opacity: 1; clear: both; margin: 0px auto;\"></p><p class=\"thin-font\" style=\"margin-bottom: 1.3em; color: rgb(119, 119, 119); font-family: Arial, Helvetica, sans-serif; font-size: 14.24px; background-color: rgb(255, 255, 255); text-align: center;\">( Ảnh thật. )</p><p class=\"thin-font\" style=\"margin-bottom: 1.3em; color: rgb(119, 119, 119); font-family: Arial, Helvetica, sans-serif; font-size: 14.24px; background-color: rgb(255, 255, 255);\">Hãy nhớ,<em>&nbsp;da thật là da động vật đã qua xử lý.</em>&nbsp;<em>Còn da giả được làm bằng nhựa, sợi tổng hợp</em>. Hiển nhiên, Da thật sẽ có mùi tự nhiên và da giả sẽ có mùi như nhựa.</p><h3 class=\"thin-font\" style=\"color: rgb(0, 0, 0); width: 859px; margin-bottom: 0.5em; text-rendering: optimizespeed; font-size: 1.5em; font-family: Arial, Helvetica, sans-serif; background-color: rgb(255, 255, 255);\"><span class=\"ez-toc-section\" id=\"5_Lua_giup_phan_biet_da_that_va_da_gia\" style=\"-webkit-box-decoration-break: clone;\"></span><span style=\"font-weight: 700 !important;\">5. Lửa giúp phân biệt da thật và da giả.</span><span class=\"ez-toc-section-end\" style=\"-webkit-box-decoration-break: clone;\"></span></h3><p class=\"thin-font\" style=\"margin-bottom: 1.3em; color: rgb(119, 119, 119); font-family: Arial, Helvetica, sans-serif; font-size: 14.24px; background-color: rgb(255, 255, 255);\"><span style=\"font-weight: 700 !important;\">Lửa</span>&nbsp;là một cách hữu hiệu giúp bạn nhận biết mùi của da thật và da giả rõ ràng hơn. Thử nghiệm này sẽ dễ dàng kiểm tra được da thật và giả nhưng hãy<em>&nbsp;cẩn thận</em>&nbsp;vì nó<em><span style=\"font-weight: 700 !important;\">&nbsp;có thể làm hỏng đồ da của bạn.</span></em></p><p class=\"thin-font\" style=\"margin-bottom: 1.3em; color: rgb(119, 119, 119); font-family: Arial, Helvetica, sans-serif; font-size: 14.24px; background-color: rgb(255, 255, 255);\"><img loading=\"lazy\" class=\"aligncenter size-full wp-image-6102\" src=\"https://hangdachat.com/wp-content/uploads/2020/08/Cach-phan-biet-PVC-va-da-that-5.jpg\" alt=\"Phân biệt da thật và da giả PVC\" width=\"700\" height=\"441\" srcset=\"https://hangdachat.com/wp-content/uploads/2020/08/Cach-phan-biet-PVC-va-da-that-5.jpg 700w, https://hangdachat.com/wp-content/uploads/2020/08/Cach-phan-biet-PVC-va-da-that-5-510x321.jpg 510w, https://hangdachat.com/wp-content/uploads/2020/08/Cach-phan-biet-PVC-va-da-that-5-635x400.jpg 635w\" sizes=\"(max-width: 700px) 100vw, 700px\" style=\"max-width: 100%; height: auto; display: block; transition: opacity 1s ease 0s; opacity: 1; clear: both; margin: 0px auto;\"></p><p class=\"thin-font\" style=\"margin-bottom: 1.3em; color: rgb(119, 119, 119); font-family: Arial, Helvetica, sans-serif; font-size: 14.24px; background-color: rgb(255, 255, 255); text-align: center;\"><em>( Ảnh minh họa )</em></p><p class=\"thin-font\" style=\"margin-bottom: 1.3em; color: rgb(119, 119, 119); font-family: Arial, Helvetica, sans-serif; font-size: 14.24px; background-color: rgb(255, 255, 255);\">Bạn giữ 1 ngọn lửa nhỏ lên khu vực da để kiểm tra:</p><ul style=\"list-style-position: initial; list-style-image: initial; padding: 0px; margin-bottom: 1.3em; color: rgb(119, 119, 119); font-family: Arial, Helvetica, sans-serif; font-size: 14.24px; background-color: rgb(255, 255, 255);\"><li style=\"margin-bottom: 0.6em; margin-left: 1.3em;\"><em><span style=\"font-weight: bolder;\">Da thật:</span></em>&nbsp;khó cháy hơn và có mùi như bạn đốt tóc.</li><li style=\"margin-bottom: 0.6em; margin-left: 1.3em;\"><em><span style=\"font-weight: bolder;\">Da giả:</span></em>&nbsp;dễ bắt lửa và có mùi như mùi nhựa cháy.</li></ul><h3 class=\"thin-font\" style=\"color: rgb(0, 0, 0); width: 859px; margin-bottom: 0.5em; text-rendering: optimizespeed; font-size: 1.5em; font-family: Arial, Helvetica, sans-serif; background-color: rgb(255, 255, 255);\"><span class=\"ez-toc-section\" id=\"6_Luu_y_cac_canh_vi_da_that_co_cac_canh_tho_trong_khi_da_gia_co_cac_canh_deu_hoan_hao\" style=\"-webkit-box-decoration-break: clone;\"></span><span style=\"font-weight: 700 !important;\">6. Lưu ý các cạnh, vì da thật có các cạnh thô trong khi da giả có các cạnh đều, hoàn hảo.</span><span class=\"ez-toc-section-end\" style=\"-webkit-box-decoration-break: clone;\"></span></h3><p class=\"thin-font\" style=\"margin-bottom: 1.3em; color: rgb(119, 119, 119); font-family: Arial, Helvetica, sans-serif; font-size: 14.24px; background-color: rgb(255, 255, 255);\">Khi sản xuất sản phẩm bằng da, chúng ta phải dùng đến máy cắt.</p><ul style=\"list-style-position: initial; list-style-image: initial; padding: 0px; margin-bottom: 1.3em; color: rgb(119, 119, 119); font-family: Arial, Helvetica, sans-serif; font-size: 14.24px; background-color: rgb(255, 255, 255);\"><li style=\"margin-bottom: 0.6em; margin-left: 1.3em;\"><em><span style=\"font-weight: bolder;\">Da thật:</span>&nbsp;</em>cấu tạo từ nhiều sợi, có vân tự nhiên xung quanh viền.</li><li style=\"margin-bottom: 0.6em; margin-left: 1.3em;\"><em><span style=\"font-weight: bolder;\">Da giả:</span></em>&nbsp;làm từ nhựa không có sợi, có nghĩa các cạnh được cắt sạch sẽ.</li></ul><p class=\"thin-font\" style=\"margin-bottom: 1.3em; color: rgb(119, 119, 119); font-family: Arial, Helvetica, sans-serif; font-size: 14.24px; background-color: rgb(255, 255, 255);\"><img loading=\"lazy\" class=\"aligncenter size-full wp-image-6103\" src=\"https://hangdachat.com/wp-content/uploads/2020/08/Chat-luong-cac-loai-da-that-6.jpg\" alt=\"Phân biệt da thật và da nhân tạo PVC\" width=\"700\" height=\"438\" srcset=\"https://hangdachat.com/wp-content/uploads/2020/08/Chat-luong-cac-loai-da-that-6.jpg 700w, https://hangdachat.com/wp-content/uploads/2020/08/Chat-luong-cac-loai-da-that-6-510x319.jpg 510w, https://hangdachat.com/wp-content/uploads/2020/08/Chat-luong-cac-loai-da-that-6-639x400.jpg 639w\" sizes=\"(max-width: 700px) 100vw, 700px\" style=\"max-width: 100%; height: auto; display: block; transition: opacity 1s ease 0s; opacity: 1; clear: both; margin: 0px auto;\"></p><p class=\"thin-font\" style=\"margin-bottom: 1.3em; color: rgb(119, 119, 119); font-family: Arial, Helvetica, sans-serif; font-size: 14.24px; background-color: rgb(255, 255, 255); text-align: center;\"><em>( Ảnh minh họa)</em></p><h3 class=\"thin-font\" style=\"color: rgb(0, 0, 0); width: 859px; margin-bottom: 0.5em; text-rendering: optimizespeed; font-size: 1.5em; font-family: Arial, Helvetica, sans-serif; background-color: rgb(255, 255, 255);\"><span class=\"ez-toc-section\" id=\"7_Thu_do_dan_hoi_cua_mieng_da_nhin_da_that_hoi_doi_mau\" style=\"-webkit-box-decoration-break: clone;\"></span><span style=\"font-weight: 700 !important;\">7. Thử độ đàn hồi của miếng da, nhìn da thật hơi đổi màu.</span><span class=\"ez-toc-section-end\" style=\"-webkit-box-decoration-break: clone;\"></span></h3><p class=\"thin-font\" style=\"margin-bottom: 1.3em; color: rgb(119, 119, 119); font-family: Arial, Helvetica, sans-serif; font-size: 14.24px; background-color: rgb(255, 255, 255);\">Giống như “<em>Thử nghiệm độ nhăn</em>“, da thật có độ đàn hồi tốt khi ấn vào một lực, thay đổi màu sắc và nhăn lên một cách tự nhiên. Da giả cứng hơn nhiều và đều đặn hơn, và thường khó bị uốn cong so với các loại da khác.</p><p class=\"thin-font\" style=\"margin-bottom: 1.3em; color: rgb(119, 119, 119); font-family: Arial, Helvetica, sans-serif; font-size: 14.24px; background-color: rgb(255, 255, 255);\"><img loading=\"lazy\" class=\"aligncenter size-full wp-image-6104\" src=\"https://hangdachat.com/wp-content/uploads/2020/08/De-phan-biet-da-that-va-da-gia-lam-bang-PVC-7.jpg\" alt=\"Phân việt da thật và da công nghiệp\" width=\"700\" height=\"440\" srcset=\"https://hangdachat.com/wp-content/uploads/2020/08/De-phan-biet-da-that-va-da-gia-lam-bang-PVC-7.jpg 700w, https://hangdachat.com/wp-content/uploads/2020/08/De-phan-biet-da-that-va-da-gia-lam-bang-PVC-7-510x321.jpg 510w, https://hangdachat.com/wp-content/uploads/2020/08/De-phan-biet-da-that-va-da-gia-lam-bang-PVC-7-636x400.jpg 636w\" sizes=\"(max-width: 700px) 100vw, 700px\" style=\"max-width: 100%; height: auto; display: block; transition: opacity 1s ease 0s; opacity: 1; clear: both; margin: 0px auto;\"></p><p class=\"thin-font\" style=\"margin-bottom: 1.3em; color: rgb(119, 119, 119); font-family: Arial, Helvetica, sans-serif; font-size: 14.24px; background-color: rgb(255, 255, 255); text-align: center;\"><em>( Ảnh minh họa)</em></p><h3 class=\"thin-font\" style=\"color: rgb(0, 0, 0); width: 859px; margin-bottom: 0.5em; text-rendering: optimizespeed; font-size: 1.5em; font-family: Arial, Helvetica, sans-serif; background-color: rgb(255, 255, 255);\"><span class=\"ez-toc-section\" id=\"8_Nho_nuoc_len_be_mat_da_da_that_se_hut_am_va_ngam_nuoc\" style=\"-webkit-box-decoration-break: clone;\"></span><span style=\"font-weight: 700 !important;\">8. Nhỏ nước lên bề mặt da, da thật sẽ hút ẩm và ngấm nước.</span><span class=\"ez-toc-section-end\" style=\"-webkit-box-decoration-break: clone;\"></span></h3><p class=\"thin-font\" style=\"margin-bottom: 1.3em; color: rgb(119, 119, 119); font-family: Arial, Helvetica, sans-serif; font-size: 14.24px; background-color: rgb(255, 255, 255);\"><em><span style=\"font-weight: 700 !important;\">Đối với da thật</span></em>,&nbsp;<em>cấu tạo của nó sẽ có những lỗ chân lông</em>, vì thế nó sẽ ngấm nước.&nbsp;<span style=\"font-weight: 700 !important;\">Còn da giả</span>&nbsp;<em>nó sẽ đọng lại nước ở phía trên</em>. Da thật sẽ thấm 1 giọt nước nhỏ chỉ trong vài giây. Điều này cho bạn biết nhanh chóng đó có phải da thật hay không.</p><p class=\"thin-font\" style=\"margin-bottom: 1.3em; color: rgb(119, 119, 119); font-family: Arial, Helvetica, sans-serif; font-size: 14.24px; background-color: rgb(255, 255, 255);\"><img loading=\"lazy\" class=\"aligncenter size-full wp-image-6105\" src=\"https://hangdachat.com/wp-content/uploads/2020/08/Phan-biet-da-ca-sau-that-va-gia-8.jpg\" alt=\"Cách nhận biết túi da that\" width=\"700\" height=\"437\" srcset=\"https://hangdachat.com/wp-content/uploads/2020/08/Phan-biet-da-ca-sau-that-va-gia-8.jpg 700w, https://hangdachat.com/wp-content/uploads/2020/08/Phan-biet-da-ca-sau-that-va-gia-8-510x318.jpg 510w, https://hangdachat.com/wp-content/uploads/2020/08/Phan-biet-da-ca-sau-that-va-gia-8-641x400.jpg 641w\" sizes=\"(max-width: 700px) 100vw, 700px\" style=\"max-width: 100%; height: auto; display: block; transition: opacity 1s ease 0s; opacity: 1; clear: both; margin: 0px auto;\"></p><p class=\"thin-font\" style=\"margin-bottom: 1.3em; color: rgb(119, 119, 119); font-family: Arial, Helvetica, sans-serif; font-size: 14.24px; background-color: rgb(255, 255, 255); text-align: center;\"><em>(Ảnh minh họa)</em></p><h3 class=\"thin-font\" style=\"color: rgb(0, 0, 0); width: 859px; margin-bottom: 0.5em; text-rendering: optimizespeed; font-size: 1.5em; font-family: Arial, Helvetica, sans-serif; background-color: rgb(255, 255, 255);\"><span class=\"ez-toc-section\" id=\"9_Do_da_that_khong_co_gia_re\" style=\"-webkit-box-decoration-break: clone;\"></span><span style=\"font-weight: 700 !important;\">9. Đồ da thật không có giá rẻ</span><span class=\"ez-toc-section-end\" style=\"-webkit-box-decoration-break: clone;\"></span></h3><p class=\"thin-font\" style=\"margin-bottom: 1.3em; color: rgb(119, 119, 119); font-family: Arial, Helvetica, sans-serif; font-size: 14.24px; background-color: rgb(255, 255, 255);\"><em>Một sản phẩm hoàn toàn bằng da thật sẽ có giá cao và giá luôn cố định</em>. Bạn hãy mua sắm xung quanh và cảm nhận giá của các sản phẩm da thật, da bán, da tổng hợp để có sự hiểu khác biệt giữa chúng.</p><p class=\"thin-font\" style=\"margin-bottom: 1.3em; color: rgb(119, 119, 119); font-family: Arial, Helvetica, sans-serif; font-size: 14.24px; background-color: rgb(255, 255, 255);\"><img loading=\"lazy\" class=\"aligncenter size-full wp-image-6108\" src=\"https://hangdachat.com/wp-content/uploads/2020/08/Phan-biet-da-that-va-da-gia-lam-bang-PVC-9.jpg\" alt=\"Da bò thật đốt có cháy không\" width=\"700\" height=\"437\" srcset=\"https://hangdachat.com/wp-content/uploads/2020/08/Phan-biet-da-that-va-da-gia-lam-bang-PVC-9.jpg 700w, https://hangdachat.com/wp-content/uploads/2020/08/Phan-biet-da-that-va-da-gia-lam-bang-PVC-9-510x318.jpg 510w, https://hangdachat.com/wp-content/uploads/2020/08/Phan-biet-da-that-va-da-gia-lam-bang-PVC-9-641x400.jpg 641w\" sizes=\"(max-width: 700px) 100vw, 700px\" style=\"max-width: 100%; height: auto; display: block; transition: opacity 1s ease 0s; opacity: 1; clear: both; margin: 0px auto;\"></p><blockquote style=\"margin-bottom: 1.25em; position: relative; font-size: 1.2em; padding: 0px 1.25em 0px 1.875em; border-left: 2px solid rgb(254, 201, 1); font-style: italic; color: rgb(51, 51, 51); border-top-color: rgb(254, 201, 1); border-right-color: rgb(254, 201, 1); border-bottom-color: rgb(254, 201, 1); font-family: Arial, Helvetica, sans-serif; background-color: rgb(255, 255, 255);\"><p style=\"margin-bottom: 1.3em;\"><em>Trong các loại da, da bò có giá cao nhất do đặc tính bền và dễ thuộc da.</em>&nbsp;Da tách lớp, là lớp dưới được tác ra từ lớp bề mặt, rẻ hơn da hạt trên hoặc da đai.</p></blockquote><p class=\"thin-font\" style=\"margin-bottom: 1.3em; color: rgb(119, 119, 119); font-family: Arial, Helvetica, sans-serif; font-size: 14.24px; background-color: rgb(255, 255, 255);\"><em>Da thật bao giờ cũng đắt tiền hơn hàng giả da, nhưng có nhiều loại da thật khác nhau, tất cả đều có giá cả khác nhau.</em></p><h3 class=\"thin-font\" style=\"color: rgb(0, 0, 0); width: 859px; margin-bottom: 0.5em; text-rendering: optimizespeed; font-size: 1.5em; font-family: Arial, Helvetica, sans-serif; background-color: rgb(255, 255, 255);\"><span class=\"ez-toc-section\" id=\"10_Bo_qua_mau_sac_vi_ngay_ca_da_mau_cung_co_the_la_da_that\" style=\"-webkit-box-decoration-break: clone;\"></span><span style=\"font-weight: 700 !important;\">10. Bỏ qua màu sắc, vì ngay cả da màu cũng có thể là da thật.</span><span class=\"ez-toc-section-end\" style=\"-webkit-box-decoration-break: clone;\"></span></h3><p class=\"thin-font\" style=\"margin-bottom: 1.3em; color: rgb(119, 119, 119); font-family: Arial, Helvetica, sans-serif; font-size: 14.24px; background-color: rgb(255, 255, 255);\">Một phụ kiện bằng da màu đen có thể trông không tự nhiên, nhưng điều này không có nghĩa là nó không được làm bằng da thật.</p><p class=\"thin-font\" style=\"margin-bottom: 1.3em; color: rgb(119, 119, 119); font-family: Arial, Helvetica, sans-serif; font-size: 14.24px; background-color: rgb(255, 255, 255);\"><img loading=\"lazy\" class=\"aligncenter size-full wp-image-6106\" src=\"https://hangdachat.com/wp-content/uploads/2020/08/Phan-biet-da-that-10.jpg\" alt=\"Cách nhận biết túi xách da bò thật\" width=\"700\" height=\"444\" srcset=\"https://hangdachat.com/wp-content/uploads/2020/08/Phan-biet-da-that-10.jpg 700w, https://hangdachat.com/wp-content/uploads/2020/08/Phan-biet-da-that-10-510x323.jpg 510w, https://hangdachat.com/wp-content/uploads/2020/08/Phan-biet-da-that-10-631x400.jpg 631w\" sizes=\"(max-width: 700px) 100vw, 700px\" style=\"max-width: 100%; height: auto; display: block; transition: opacity 1s ease 0s; opacity: 1; clear: both; margin: 0px auto;\"></p><p class=\"thin-font\" style=\"margin-bottom: 1.3em; color: rgb(119, 119, 119); font-family: Arial, Helvetica, sans-serif; font-size: 14.24px; background-color: rgb(255, 255, 255); text-align: center;\"><em>( Ảnh minh họa)</em></p><p class=\"thin-font\" style=\"margin-bottom: 1.3em; color: rgb(119, 119, 119); font-family: Arial, Helvetica, sans-serif; font-size: 14.24px; background-color: rgb(255, 255, 255);\">Màu sắc và thuốc nhuộm có thể được thêm vào cả da tổng hợp và da tự nhiên, vì thế hãy bỏ qua màu sắc khi bạn tìm mua phụ kiện da thật và da giả.</p>',3,'2021-04-21 16:58:58',NULL,NULL,NULL,1,17,'cach-phan-biet-da-that-va-da-gia-chat-luong-cua-cac-loai-da-that-100-1618999138485'),(9,'Đặc tính và ứng dụng của da microfiber','blog/avatar/ung-dung-da-microfiber.jpg','<p><span style=\"margin: 0px; padding: 0px; font-weight: 700; color: rgb(68, 74, 89); font-family: VNFFutura; font-size: 15px; text-align: justify; background-color: rgb(255, 255, 255);\">Da Microfiber</span><span style=\"color: rgb(68, 74, 89); font-family: VNFFutura; font-size: 15px; text-align: justify; background-color: rgb(255, 255, 255);\">&nbsp;là loại da được sử dụng rộng rãi và được nhiều người ưa chuộng vì những ưu điểm của nó, vậy bạn đã biết hết được những ưu điểm cũng như nhược điểm của da Microfiber chưa và làm thế nào để bạn có thể nhận biết được da Microfiber với các loại da khác? Hôm nay&nbsp;</span><span style=\"color: rgb(68, 74, 89); font-family: VNFFutura; font-size: 15px; text-align: justify; background-color: rgb(255, 255, 255);\"><a href=\"https://www.facebook.com/Wadaleather\" target=\"_blank\">Wada leather</a></span><span style=\"color: rgb(68, 74, 89); font-family: VNFFutura; font-size: 15px; text-align: justify; background-color: rgb(255, 255, 255);\">&nbsp;sẽ chia sẻ đến bạn đọc những thông tin về da Microfiber và cách sử dụng da Microfiber một cách tốt nhất.</span><br></p>','<h2 style=\"margin: 20px 0px 10px; padding: 0px; font-family: VNFFutura; line-height: 1.1; color: rgb(68, 74, 89); font-size: 24px; background-color: rgb(255, 255, 255); text-align: justify;\"><span style=\"margin: 0px; padding: 0px; font-weight: 700;\">Da Microfiber là gì ?</span><span class=\"ez-toc-section-end\" style=\"margin: 0px; padding: 0px;\"></span></h2><p style=\"margin-right: 0px; margin-bottom: 10px; margin-left: 0px; padding: 0px; color: rgb(68, 74, 89); font-family: VNFFutura; font-size: 15px; background-color: rgb(255, 255, 255); text-align: justify;\"><span style=\"margin: 0px; padding: 0px; font-weight: 700;\">Da Microfiber</span>&nbsp;thuộc dòng da tổng hợp được cho là gần giống với da thật nhất hiện nay được bày bán trên thị trường. Đây là dòng da có thể thay thế cho da thật trong tương lai. Da Microfiber sở hữu vẻ ngoài, tính chất và các đặc điểm gần giống da thật. Những sản phẩm làm từ da Microfiber có giá thành rẻ hơn khá nhiều so với da thật và mẫu mã đa dạng.</p><p style=\"margin-right: 0px; margin-bottom: 10px; margin-left: 0px; padding: 0px; color: rgb(68, 74, 89); font-family: VNFFutura; font-size: 15px; background-color: rgb(255, 255, 255); text-align: justify;\">Microfiber được gọi là “Microfiber Artificial Leather” hay “Microfiber Leather”. Tại Việt Nam, da Microfiber còn được biết đến với nhiều cái tên khác nhau và đa dạng như: da nhân tạo tổng hợp, da nhân tạo từ xơ vi mảnh.</p><p style=\"margin-right: 0px; margin-bottom: 10px; margin-left: 0px; padding: 0px; color: rgb(68, 74, 89); font-family: VNFFutura; font-size: 15px; background-color: rgb(255, 255, 255);\"><img loading=\"lazy\" class=\"aligncenter wp-image-144660 size-full\" title=\"Da Microfiber\" src=\"https://tamanh.net/wp-content/uploads/2021/03/da-Microfiber.jpg\" alt=\"Da Microfiber\" width=\"800\" height=\"600\" style=\"margin: 10px auto; padding: 0px; border: 0px; max-width: 100%; max-height: 100%; height: auto; width: auto; clear: both; display: table;\"></p><p style=\"margin-right: 0px; margin-bottom: 10px; margin-left: 0px; padding: 0px; color: rgb(68, 74, 89); font-family: VNFFutura; font-size: 15px; background-color: rgb(255, 255, 255); text-align: justify;\">Các đặc điểm của da Microfiber được xem là khá tương đồng với da thật. Không những thế, các tính chất vật lý và hóa học của da Microfiber còn tốt hơn cả da thật. Đây được xem là loại da công nghiệp cao cấp nhất hiện nay và được nhiều người tiêu dùng ưu tiên sử dụng.</p><h2 style=\"margin: 20px 0px 10px; padding: 0px; font-family: VNFFutura; line-height: 1.1; color: rgb(68, 74, 89); font-size: 24px; background-color: rgb(255, 255, 255); text-align: justify;\"><span class=\"ez-toc-section\" id=\"Cau_tao_cua_da_Microfiber\" style=\"margin: 0px; padding: 0px;\"></span><span style=\"margin: 0px; padding: 0px; font-weight: 700;\">Cấu tạo của da Microfiber</span><span class=\"ez-toc-section-end\" style=\"margin: 0px; padding: 0px;\"></span></h2><p style=\"margin-right: 0px; margin-bottom: 10px; margin-left: 0px; padding: 0px; color: rgb(68, 74, 89); font-family: VNFFutura; font-size: 15px; background-color: rgb(255, 255, 255); text-align: justify;\"><span style=\"margin: 0px; padding: 0px; font-weight: 700;\">Da Microfiber</span>&nbsp;với cấu trúc da thuộc sử dụng nguyên liệu ban đầu là sơ vi mảnh và nhựa Poliuretan chất lượng cao. Da Microfiber sử dụng công nghệ dệt xuyên kim để tạo cấu trúc 3D.</p><p style=\"margin-right: 0px; margin-bottom: 10px; margin-left: 0px; padding: 0px; color: rgb(68, 74, 89); font-family: VNFFutura; font-size: 15px; background-color: rgb(255, 255, 255); text-align: justify;\">Đặc trưng từ giả da Microfiber với tính chất vật lý, hóa học khá tốt được nhận định là nhỉnh hơn da thật và trên thị trường đồ da hiện nay thì da Microfiber đang được ưu tiên sử dụng và ngày càng phát triển.</p><p style=\"margin-right: 0px; margin-bottom: 10px; margin-left: 0px; padding: 0px; color: rgb(68, 74, 89); font-family: VNFFutura; font-size: 15px; background-color: rgb(255, 255, 255);\"><img loading=\"lazy\" class=\"alignnone size-full wp-image-145726\" src=\"https://tamanh.net/wp-content/uploads/2020/11/icon-link.png\" alt=\"icon chia sẻ đẹp\" width=\"16\" height=\"16\" style=\"margin: 0px; padding: 0px; border: 0px; max-width: 100%; max-height: 100%; height: auto; width: auto;\">&nbsp;Mời bạn xem thêm loại da rất đặc biệt:&nbsp;<a href=\"https://tamanh.net/da-saffiano.html\" target=\"_blank\" rel=\"noopener noreferrer\" style=\"margin: 0px; padding: 0px; background-image: initial; background-position: initial; background-size: initial; background-repeat: initial; background-attachment: initial; background-origin: initial; background-clip: initial; color: rgb(221, 186, 118);\">Da Saffiano</a></p><h2 style=\"margin: 20px 0px 10px; padding: 0px; font-family: VNFFutura; line-height: 1.1; color: rgb(68, 74, 89); font-size: 24px; background-color: rgb(255, 255, 255); text-align: justify;\"><span class=\"ez-toc-section\" id=\"Uu_diem_cua_da_cong_nghiep_Microfiber\" style=\"margin: 0px; padding: 0px;\"></span><span style=\"margin: 0px; padding: 0px; font-weight: 700;\">Ưu điểm của da công nghiệp Microfiber</span><span class=\"ez-toc-section-end\" style=\"margin: 0px; padding: 0px;\"></span></h2><h3 style=\"margin: 20px 0px 10px; padding: 0px; font-family: VNFFutura; line-height: 1.1; color: rgb(68, 74, 89); font-size: 20px; background-color: rgb(255, 255, 255); text-align: justify;\"><span class=\"ez-toc-section\" id=\"1_Ve_ngoai_giong_voi_da_that\" style=\"margin: 0px; padding: 0px;\"></span><span style=\"margin: 0px; padding: 0px; font-weight: 700;\">1. Vẻ ngoài giống với da thật</span><span class=\"ez-toc-section-end\" style=\"margin: 0px; padding: 0px;\"></span></h3><p style=\"margin-right: 0px; margin-bottom: 10px; margin-left: 0px; padding: 0px; color: rgb(68, 74, 89); font-family: VNFFutura; font-size: 15px; background-color: rgb(255, 255, 255); text-align: justify;\">Thông qua sự mô phỏng cấu trúc 3D của da thật và được dệt bằng công nghệ dệt xuyên kim; nên da Microfiber có bề ngoài rất giống da thật và bạn không thể phân biệt bằng mắt thường. Từ những đường vân da cho đến chi tiết các sợi đều sắc nét và hoàn hảo không thua kém gì da thật. Nếu không có kiến thức và kinh nghiệm thì rất khó để phân biệt giữa 2 loại da này chỉ với mắt thường.</p><p style=\"margin-right: 0px; margin-bottom: 10px; margin-left: 0px; padding: 0px; color: rgb(68, 74, 89); font-family: VNFFutura; font-size: 15px; background-color: rgb(255, 255, 255); text-align: justify;\">Không chỉ có vẻ ngoài mà ngay cả bề mặt&nbsp;<span style=\"margin: 0px; padding: 0px; font-weight: 700;\">da Microfiber</span>&nbsp;cũng giúp người tiêu dùng cảm giác giống da thật. Khi sờ tay vào cảm nhận bề mặt mềm, mịn và tạo cảm giác mát rất tự nhiên và khiến cho người sử dụng cảm thấy thoải mái.</p><h3 style=\"margin: 20px 0px 10px; padding: 0px; font-family: VNFFutura; line-height: 1.1; color: rgb(68, 74, 89); font-size: 20px; background-color: rgb(255, 255, 255); text-align: justify;\"><span class=\"ez-toc-section\" id=\"2_Do_ben_cao_hon_da_that\" style=\"margin: 0px; padding: 0px;\"></span><span style=\"margin: 0px; padding: 0px; font-weight: 700;\">2. Độ bền cao hơn da thật</span><span class=\"ez-toc-section-end\" style=\"margin: 0px; padding: 0px;\"></span></h3><p style=\"margin-right: 0px; margin-bottom: 10px; margin-left: 0px; padding: 0px; color: rgb(68, 74, 89); font-family: VNFFutura; font-size: 15px; background-color: rgb(255, 255, 255); text-align: justify;\">Nhờ sử dụng công nghệ sản xuất vải không dệt xuyên kim tạo ra những kết nối cực kỳ vững chắc và có độ đàn hồi cao. Chính vì thế mà da Microfiber có độ bền cao, co giãn và chịu lực cực tốt. Loại da này sau khi bị làm ướt, sấy khô nhiều lần vẫn duy trì tốt độ mềm dẻo và các tính chất cơ học và vật lý, trong khi đó da thuộc nhanh chóng bị cứng, bị phai màu và độ bền khá kém.</p><p style=\"margin-right: 0px; margin-bottom: 10px; margin-left: 0px; padding: 0px; color: rgb(68, 74, 89); font-family: VNFFutura; font-size: 15px; background-color: rgb(255, 255, 255); text-align: justify;\">Sau khi trải qua quá trình sản xuất sử dụng công nghệ cao mà da Microfiber có các khả năng chống nấm mốc chống vi khuẩn, khử mùi; chống thấm nước; chống nhiệt độ cao, nhiệt độ thấp; chịu hóa chất; mà loại da này có độ bền rất cao.</p><h3 style=\"margin: 20px 0px 10px; padding: 0px; font-family: VNFFutura; line-height: 1.1; color: rgb(68, 74, 89); font-size: 20px; background-color: rgb(255, 255, 255); text-align: justify;\"><span class=\"ez-toc-section\" id=\"3_De_ve_sinh,_lam_sach_va_bao_quan\" style=\"margin: 0px; padding: 0px;\"></span><span style=\"margin: 0px; padding: 0px; font-weight: 700;\">3. Dễ vệ sinh, làm sạch và bảo quản</span><span class=\"ez-toc-section-end\" style=\"margin: 0px; padding: 0px;\"></span></h3><p style=\"margin-right: 0px; margin-bottom: 10px; margin-left: 0px; padding: 0px; color: rgb(68, 74, 89); font-family: VNFFutura; font-size: 15px; background-color: rgb(255, 255, 255); text-align: justify;\">Những lỗ chân lông trên da thật sẽ khiến cho việc vệ sinh các sản phẩm sẽ gặp một số bất tiện. Những chất bẩn, chất lỏng có thể dễ dàng thấm qua lỗ chân lông này và làm cho sản phẩm của bạn có thể bị hư hại. Gây hỏng sản phẩm từ bên trong mà không thể nào sửa chữa được. Hơn nữa, chúng còn sinh ra những mùi khó chịu và là nơi sản sinh ra nấm mốc, mối mọt có hại cho người sử dụng.</p><p style=\"margin-right: 0px; margin-bottom: 10px; margin-left: 0px; padding: 0px; color: rgb(68, 74, 89); font-family: VNFFutura; font-size: 15px; background-color: rgb(255, 255, 255); text-align: justify;\">Da Microfiber không thấm nước nên các loại chất bẩn, chất lỏng đều bị giữ trên bề mặt sản phẩm. Nhờ vậy mà việc vệ sinh và làm sạch sẽ dễ dàng hơn. Giúp kéo dài tuổi thọ cũng như độ bền của sản phẩm và giúp cho người sử dụng tự tin hơn khi sử dụng những sản phẩm là từ da Microfiber.</p><h3 style=\"margin: 20px 0px 10px; padding: 0px; font-family: VNFFutura; line-height: 1.1; color: rgb(68, 74, 89); font-size: 20px; background-color: rgb(255, 255, 255); text-align: justify;\"><span class=\"ez-toc-section\" id=\"4_An_toan,_khong_doc_hai\" style=\"margin: 0px; padding: 0px;\"></span><span style=\"margin: 0px; padding: 0px; font-weight: 700;\">4. An toàn, không độc hại</span><span class=\"ez-toc-section-end\" style=\"margin: 0px; padding: 0px;\"></span></h3><p style=\"margin-right: 0px; margin-bottom: 10px; margin-left: 0px; padding: 0px; color: rgb(68, 74, 89); font-family: VNFFutura; font-size: 15px; background-color: rgb(255, 255, 255); text-align: justify;\">Da từ xơ vi mảnh hầu như không chứa các chất độc hại nên đảm bảo an toàn tuyệt đối cho người sử dụng.</p><h3 style=\"margin: 20px 0px 10px; padding: 0px; font-family: VNFFutura; line-height: 1.1; color: rgb(68, 74, 89); font-size: 20px; background-color: rgb(255, 255, 255); text-align: justify;\"><span class=\"ez-toc-section\" id=\"5_Mau_sac_da_dang\" style=\"margin: 0px; padding: 0px;\"></span><span style=\"margin: 0px; padding: 0px; font-weight: 700;\">5. Màu sắc đa dạng</span><span class=\"ez-toc-section-end\" style=\"margin: 0px; padding: 0px;\"></span></h3><p style=\"margin-right: 0px; margin-bottom: 10px; margin-left: 0px; padding: 0px; color: rgb(68, 74, 89); font-family: VNFFutura; font-size: 15px; background-color: rgb(255, 255, 255); text-align: justify;\">Các mẫu da thật không có nhiều màu sắc để lựa chọn (nâu, vàng bò, trắng, đen). Còn với da Microfiber thì lại có rất nhiều màu sắc để lựa chọn. Giúp cho việc phối hợp màu sắc giữa các đồ dùng cũng dễ dàng hơn khá nhiều.</p><h3 style=\"margin: 20px 0px 10px; padding: 0px; font-family: VNFFutura; line-height: 1.1; color: rgb(68, 74, 89); font-size: 20px; background-color: rgb(255, 255, 255); text-align: justify;\"><span class=\"ez-toc-section\" id=\"6_Chong_chay_cuc_tot\" style=\"margin: 0px; padding: 0px;\"></span><span style=\"margin: 0px; padding: 0px; font-weight: 700;\">6. Chống cháy cực tốt</span><span class=\"ez-toc-section-end\" style=\"margin: 0px; padding: 0px;\"></span></h3><p style=\"margin-right: 0px; margin-bottom: 10px; margin-left: 0px; padding: 0px; color: rgb(68, 74, 89); font-family: VNFFutura; font-size: 15px; background-color: rgb(255, 255, 255); text-align: justify;\">Hiện nay, tình trạng cháy nổ tại những khu chung cư đang là mối lo ngại của rất nhiều người. Chính vì vậy, ưu tiên số một hiện nay đó chính là sử dụng các sản phẩm làm từ các vật liệu có khả năng chống cháy tốt. Đặc biệt là những món đồ dùng hàng ngày mà bạn hay sử dụng trong nhà. Vì thế mà Microfiber chính là một trong những vật liệu được khuyên dùng. Đây là loại da chống cháy cực tốt cho đồ dùng của bạn.</p><h3 style=\"margin: 20px 0px 10px; padding: 0px; font-family: VNFFutura; line-height: 1.1; color: rgb(68, 74, 89); font-size: 20px; background-color: rgb(255, 255, 255); text-align: justify;\"><span class=\"ez-toc-section\" id=\"7_Gia_da_Microfiber_re_hon_da_that\" style=\"margin: 0px; padding: 0px;\"></span><span style=\"margin: 0px; padding: 0px; font-weight: 700;\">7. Giá da Microfiber rẻ hơn da thật</span><span class=\"ez-toc-section-end\" style=\"margin: 0px; padding: 0px;\"></span></h3><p style=\"margin-right: 0px; margin-bottom: 10px; margin-left: 0px; padding: 0px; color: rgb(68, 74, 89); font-family: VNFFutura; font-size: 15px; background-color: rgb(255, 255, 255); text-align: justify;\">Giá da Microfiber rẻ hơn khoảng 70% so với da thật (tính trên một đơn vị diện tích); theo một số đánh giá và nghiên cứu trên thị trường. Việc này sẽ giúp khách hàng sở hữu được những sản phẩm cao cấp với giá thành vừa phải; phù hợp với túi tiền của phần đông khách hàng.</p><h2 style=\"margin: 20px 0px 10px; padding: 0px; font-family: VNFFutura; line-height: 1.1; color: rgb(68, 74, 89); font-size: 24px; background-color: rgb(255, 255, 255); text-align: justify;\"><span class=\"ez-toc-section\" id=\"Ung_dung_da_microfiber\" style=\"margin: 0px; padding: 0px;\"></span><span style=\"margin: 0px; padding: 0px; font-weight: 700;\">Ứng dụng da microfiber</span><span class=\"ez-toc-section-end\" style=\"margin: 0px; padding: 0px;\"></span></h2><p style=\"margin-right: 0px; margin-bottom: 10px; margin-left: 0px; padding: 0px; color: rgb(68, 74, 89); font-family: VNFFutura; font-size: 15px; background-color: rgb(255, 255, 255); text-align: justify;\">Dưới đây là những ứng dụng của&nbsp;<span style=\"margin: 0px; padding: 0px; font-weight: 700;\">da tổng hợp microfiber</span>. Chúng được sử dụng rất nhiều trong các lĩnh vực của cuộc sống thường ngày.</p><p style=\"margin-right: 0px; margin-bottom: 10px; margin-left: 0px; padding: 0px; color: rgb(68, 74, 89); font-family: VNFFutura; font-size: 15px; background-color: rgb(255, 255, 255);\">* Mời bạn tìm hiểu thêm dòng:&nbsp;<a href=\"https://tamanh.net/da-tong-hop.html\" target=\"_blank\" rel=\"noopener noreferrer\" style=\"margin: 0px; padding: 0px; background-image: initial; background-position: initial; background-size: initial; background-repeat: initial; background-attachment: initial; background-origin: initial; background-clip: initial; color: rgb(221, 186, 118);\">da tổng hợp</a></p><p style=\"margin-right: 0px; margin-bottom: 10px; margin-left: 0px; padding: 0px; color: rgb(68, 74, 89); font-family: VNFFutura; font-size: 15px; background-color: rgb(255, 255, 255);\"><img loading=\"lazy\" class=\"aligncenter wp-image-144664 size-full\" title=\"Ứng dụng da microfiber\" src=\"https://tamanh.net/wp-content/uploads/2021/03/ung-dung-da-microfiber.jpg\" alt=\"Ứng dụng da microfiber\" width=\"800\" height=\"800\" style=\"margin: 10px auto; padding: 0px; border: 0px; max-width: 100%; max-height: 100%; height: auto; width: auto; clear: both; display: table;\"></p><h3 style=\"margin: 20px 0px 10px; padding: 0px; font-family: VNFFutura; line-height: 1.1; color: rgb(68, 74, 89); font-size: 20px; background-color: rgb(255, 255, 255); text-align: justify;\"><span class=\"ez-toc-section\" id=\"1_Sofa_da_microfiber\" style=\"margin: 0px; padding: 0px;\"></span><span style=\"margin: 0px; padding: 0px; font-weight: 700;\">1. Sofa da microfiber</span><span class=\"ez-toc-section-end\" style=\"margin: 0px; padding: 0px;\"></span></h3><p style=\"margin-right: 0px; margin-bottom: 10px; margin-left: 0px; padding: 0px; color: rgb(68, 74, 89); font-family: VNFFutura; font-size: 15px; background-color: rgb(255, 255, 255); text-align: justify;\">Các loại ghế sofa được làm từ chất liệu da công nghiệp loại này đều có màu sắc sống động. Bề mặt da nhẵn mịn và có độ lì giúp nâng niu làn da người dùng. Hơn nữa những vết bẩn được giữ lại trên bề mặt nên dễ lau chùi xử lý. Đặc biệt da bọc ghế sofa khó bị rách, khó bị nổ da hoặc bong tróc. Vì thế mà khách rắt yêu thích khi sử dụng dòng da này.</p><h3 style=\"margin: 20px 0px 10px; padding: 0px; font-family: VNFFutura; line-height: 1.1; color: rgb(68, 74, 89); font-size: 20px; background-color: rgb(255, 255, 255); text-align: justify;\"><span class=\"ez-toc-section\" id=\"2_Lam_tui_xach,_giay_dep,_that_lung\" style=\"margin: 0px; padding: 0px;\"></span><span style=\"margin: 0px; padding: 0px; font-weight: 700;\">2. Làm túi xách, giày dép, thắt lưng</span><span class=\"ez-toc-section-end\" style=\"margin: 0px; padding: 0px;\"></span></h3><p style=\"margin-right: 0px; margin-bottom: 10px; margin-left: 0px; padding: 0px; color: rgb(68, 74, 89); font-family: VNFFutura; font-size: 15px; background-color: rgb(255, 255, 255); text-align: justify;\">Tính năng chống thấm nước cho phép đi giày da Microfiber thoải mái ngoài đường. Không bị ẩm mốc vào bên trong gây khó chịu cho người dùng. Tiếp xúc nhiều với môi trường không bị nổ da, rách, sờn…</p><p style=\"margin-right: 0px; margin-bottom: 10px; margin-left: 0px; padding: 0px; color: rgb(68, 74, 89); font-family: VNFFutura; font-size: 15px; background-color: rgb(255, 255, 255);\">Từ khi ra đời từ năm 2004 đến nay, sản lượng tăng trưởng của da Microfiber ước tính đạt khoảng 8.7%/năm. Năm 2010, đạt 118 triệu m2, năm 2012 đã đạt 141 triệu m2. Với nhiều ưu điểm nổi trội về tính công nghệ, hiệu quả sử dụng lẫn giá thành rẻ hơn 30% so với da thật, nhiều thương hiệu sản xuất giày dép, túi cặp, làm đồ nội thất nhà cửa &amp; ô tô đã chuyển sang dùng da Microfiber.</p><p style=\"margin-right: 0px; margin-bottom: 10px; margin-left: 0px; padding: 0px; color: rgb(68, 74, 89); font-family: VNFFutura; font-size: 15px; background-color: rgb(255, 255, 255); text-align: justify;\">Đặc biệt trong ngành sản xuất giày, nguyên liệu da thật đã quá quen thuộc và có thể xem là bảo chứng cho sản phẩm chất lượng và bền. Tuy nhiên, không ít thương hiệu đã tiên phong và chuyển sang dùng da Microfiber. Để mang đến những sản phẩm chỉn chu cả về hình thức lẫn chất lượng vượt trội hơn.</p><h2 style=\"margin: 20px 0px 10px; padding: 0px; font-family: VNFFutura; line-height: 1.1; color: rgb(68, 74, 89); font-size: 24px; background-color: rgb(255, 255, 255); text-align: justify;\"><span class=\"ez-toc-section\" id=\"Loi_ket\" style=\"margin: 0px; padding: 0px;\"></span><span style=\"margin: 0px; padding: 0px; font-weight: 700;\">Lời kết</span><span class=\"ez-toc-section-end\" style=\"margin: 0px; padding: 0px;\"></span></h2><p style=\"margin-right: 0px; margin-bottom: 10px; margin-left: 0px; padding: 0px; color: rgb(68, 74, 89); font-family: VNFFutura; font-size: 15px; background-color: rgb(255, 255, 255); text-align: justify;\">Hy vọng với những thông tin trên đây của <a href=\"https://www.facebook.com/Wadaleather\" target=\"_blank\">Wada leather</a> đã giúp bạn phần nào hiểu hơn về&nbsp;<span style=\"margin: 0px; padding: 0px; font-weight: 700;\">da Microfiber</span>&nbsp;và lựa chọn những sản phẩm phù hợp với mình nhất. Nếu bạn muốn sở hữu các sản phẩm từ da thật chất lượng tốt nhất. Thì mời bạn ghé Wada leather, một trong những địa chỉ uy tín chuyên cung cấp sản phẩm đồ da cho nam giới.</p><p style=\"margin-right: 0px; margin-bottom: 10px; margin-left: 0px; padding: 0px; color: rgb(68, 74, 89); font-family: VNFFutura; font-size: 15px; background-color: rgb(255, 255, 255); text-align: justify;\"><a href=\"https://www.facebook.com/Wadaleather\" target=\"_blank\">Wada leather</a> đã nhận được sự ủng hộ mạnh mẽ từ các quý ông nên bạn có thể hoàn toàn yên tâm khi đặt mua các sản phẩm ở đây.</p>',0,'2021-04-21 17:04:59',NULL,NULL,NULL,1,17,'ac-tinh-va-ung-dung-cua-da-microfiber-1618999499032'),(10,'Phân biệt, nhận biết và ứng dụng của da Saffiano','blog/avatar/da-saffiano.jpg','<p style=\"margin-right: 0px; margin-bottom: 10px; margin-left: 0px; padding: 0px; color: rgb(68, 74, 89); font-family: VNFFutura; font-size: 15px; background-color: rgb(255, 255, 255); text-align: justify;\"><span style=\"margin: 0px; padding: 0px; font-weight: 700;\">Da Saffiano</span>&nbsp;luôn được mệnh danh là dòng da đẳng cấp nhất trên thế giới – “thủ lĩnh” của mọi loại da. Da Saffiano được lòng tất cả các tín đồ của thời trang da. Bởi bề mặt da độc đáo cùng những đường vân da chìm mang màu sắc phong phú tạo nên những thành phẩm thời trang, sở hữu vẻ đẹp khác biệt, độc đáo và cuốn hút. Cùng với đó là độ bền vượt trội, khả năng chống xước cao và không bị trầy xước.</p><p style=\"margin-right: 0px; margin-bottom: 10px; margin-left: 0px; padding: 0px; color: rgb(68, 74, 89); font-family: VNFFutura; font-size: 15px; background-color: rgb(255, 255, 255); text-align: justify;\">Tuy nhiên không ai cũng biết và hiểu rõ về loại da độc đáo này. Vậy bạn hãy cùng Wada leather tìm hiểu&nbsp;<span style=\"margin: 0px; padding: 0px; font-weight: 700;\">da Saffiano</span>&nbsp;là da gì? Phân biệt, nhận biết và ứng dụng da Saffiano để biết tại sao nó được mệnh danh là “ kẻ thống lĩnh” trên thị trường da nhé.</p>','<h2 style=\"margin: 20px 0px 10px; padding: 0px; font-family: VNFFutura; line-height: 1.1; color: rgb(68, 74, 89); font-size: 24px; background-color: rgb(255, 255, 255); text-align: justify;\"><span style=\"margin: 0px; padding: 0px; font-weight: 700;\">Da Saffiano là da gì?</span><span class=\"ez-toc-section-end\" style=\"margin: 0px; padding: 0px;\"></span></h2><p style=\"margin-right: 0px; margin-bottom: 10px; margin-left: 0px; padding: 0px; color: rgb(68, 74, 89); font-family: VNFFutura; font-size: 15px; background-color: rgb(255, 255, 255); text-align: justify;\">Da saffiano là chất liệu da được làm từ da bò, được dập ở nhiệt độ cao trong vài giây để tạo thành vết vân chìm độc đáo. Sau đó người ta phủ lên một lớp sáp hoặc plastic để bảo quản bề mặt của da, giúp cho nó không bị trầy xước và thấm nước. Đây là điểm khác biệt của da Saffiano so với các dòng da khác.</p><p style=\"margin-right: 0px; margin-bottom: 10px; margin-left: 0px; padding: 0px; color: rgb(68, 74, 89); font-family: VNFFutura; font-size: 15px; background-color: rgb(255, 255, 255);\"><img loading=\"lazy\" class=\"aligncenter wp-image-144539 size-full\" title=\"Da Saffiano\" src=\"https://tamanh.net/wp-content/uploads/2021/02/da-saffiano.jpg\" alt=\"Da Saffiano\" width=\"600\" height=\"400\" style=\"margin: 10px auto; padding: 0px; border: 0px; max-width: 100%; max-height: 100%; height: auto; width: auto; clear: both; display: table;\"></p><p style=\"margin-right: 0px; margin-bottom: 10px; margin-left: 0px; padding: 0px; color: rgb(68, 74, 89); font-family: VNFFutura; font-size: 15px; background-color: rgb(255, 255, 255); text-align: justify;\">“Saffiano” là cách xử lý vân bề mặt cho tấm da, vân này có dạng các đường chéo đan nhau, sau đó được hoàn thành bằng một lớp chống nước. Vì thế nên tất cả các tấm da được xử lý bằng phương pháp này đều gọi là&nbsp;<span style=\"margin: 0px; padding: 0px; font-weight: 700;\">da Saffiano</span>.</p><p style=\"margin-right: 0px; margin-bottom: 10px; margin-left: 0px; padding: 0px; color: rgb(68, 74, 89); font-family: VNFFutura; font-size: 15px; background-color: rgb(255, 255, 255);\"><img loading=\"lazy\" class=\"alignnone size-full wp-image-145726\" src=\"https://tamanh.net/wp-content/uploads/2020/11/icon-link.png\" alt=\"icon chia sẻ đẹp\" width=\"16\" height=\"16\" style=\"margin: 0px; padding: 0px; border: 0px; max-width: 100%; max-height: 100%; height: auto; width: auto;\">&nbsp;Mời bạn xem thêm thông tin dòng&nbsp;<a href=\"https://tamanh.net/da-pullup.html\" target=\"_blank\" rel=\"noopener noreferrer\" style=\"margin: 0px; padding: 0px; background-image: initial; background-position: initial; background-size: initial; background-repeat: initial; background-attachment: initial; background-origin: initial; background-clip: initial; color: rgb(221, 186, 118);\">Da pullup</a></p><h2 style=\"margin: 20px 0px 10px; padding: 0px; font-family: VNFFutura; line-height: 1.1; color: rgb(68, 74, 89); font-size: 24px; background-color: rgb(255, 255, 255); text-align: justify;\"><span class=\"ez-toc-section\" id=\"Da%CC%A3c_die%CC%89m_no%CC%89i_ba%CC%A3t_cua_da_saffiano\" style=\"margin: 0px; padding: 0px;\"></span><span style=\"margin: 0px; padding: 0px; font-weight: 700;\">Đặc điểm nổi bật của da saffiano</span><span class=\"ez-toc-section-end\" style=\"margin: 0px; padding: 0px;\"></span></h2><p style=\"margin-right: 0px; margin-bottom: 10px; margin-left: 0px; padding: 0px; color: rgb(68, 74, 89); font-family: VNFFutura; font-size: 15px; background-color: rgb(255, 255, 255); text-align: justify;\">– Những đường vân chìm đặc trưng không có ở bất kỳ một loại da nào khác</p><p style=\"margin-right: 0px; margin-bottom: 10px; margin-left: 0px; padding: 0px; color: rgb(68, 74, 89); font-family: VNFFutura; font-size: 15px; background-color: rgb(255, 255, 255); text-align: justify;\">Vân da trông rất tự nhiên, tinh tế nằm chéo hoặc song song nhau rất đẹp mắt tạo hiệu quả thẩm mỹ mà còn rất độc đáo và ấn tượng. Và điều đặc biệt hơn của da đó là khả năng khoác lên rất nhiều màu sắc từ lớp sáp phủ bề mặt.</p><p style=\"margin-right: 0px; margin-bottom: 10px; margin-left: 0px; padding: 0px; color: rgb(68, 74, 89); font-family: VNFFutura; font-size: 15px; background-color: rgb(255, 255, 255); text-align: justify;\">Vậy nên mỗi sản phẩm làm từ da Saffiano đều tạo được cảm giác sôi động và đầy màu sắc.</p><p style=\"margin-right: 0px; margin-bottom: 10px; margin-left: 0px; padding: 0px; color: rgb(68, 74, 89); font-family: VNFFutura; font-size: 15px; background-color: rgb(255, 255, 255); text-align: justify;\">– Độ bền hoàn hảo</p><p style=\"margin-right: 0px; margin-bottom: 10px; margin-left: 0px; padding: 0px; color: rgb(68, 74, 89); font-family: VNFFutura; font-size: 15px; background-color: rgb(255, 255, 255); text-align: justify;\">Ngoài những nét vân da tinh tế, da Saffiano còn là sản phẩm chống thấm gần như tuyệt đối. Bởi lớp sáp phủ bên trên bề mặt da sẽ xử lý các tác động của ngoại lực, điều kiện thời tiết ẩm mốc ( nhất là ở Việt Nam chúng ta ). Vì ở dưới lớp sáp đó là da thật nên cũng sẽ không có trường hợp bị da bị nứt hay đường chỉ bị rách.</p><p style=\"margin-right: 0px; margin-bottom: 10px; margin-left: 0px; padding: 0px; color: rgb(68, 74, 89); font-family: VNFFutura; font-size: 15px; background-color: rgb(255, 255, 255); text-align: justify;\">Bên cạnh đó, saffiano còn có tác dụng chống trầy xướt, rất thuận tiện cho việc bảo quản hay khi vệ sinh mà không sợ hư hại.</p><p style=\"margin-right: 0px; margin-bottom: 10px; margin-left: 0px; padding: 0px; color: rgb(68, 74, 89); font-family: VNFFutura; font-size: 15px; background-color: rgb(255, 255, 255); text-align: justify;\">Đây thực sự là một điều tuyệt vời đối với các tín đồ yêu đồ da.</p><h2 style=\"margin: 20px 0px 10px; padding: 0px; font-family: VNFFutura; line-height: 1.1; color: rgb(68, 74, 89); font-size: 24px; background-color: rgb(255, 255, 255); text-align: justify;\"><span class=\"ez-toc-section\" id=\"Phan_loai_va_cach_phan_biet,_nhan_biet_da_Saffiano\" style=\"margin: 0px; padding: 0px;\"></span><span style=\"margin: 0px; padding: 0px; font-weight: 700;\">Phân loại và cách phân biệt, nhận biết da Saffiano</span><span class=\"ez-toc-section-end\" style=\"margin: 0px; padding: 0px;\"></span></h2><p style=\"margin-right: 0px; margin-bottom: 10px; margin-left: 0px; padding: 0px; color: rgb(68, 74, 89); font-family: VNFFutura; font-size: 15px; background-color: rgb(255, 255, 255); text-align: justify;\">Hiện nay,&nbsp;<span style=\"margin: 0px; padding: 0px; font-weight: 700;\">da saffiano</span>&nbsp;có 2 loại, khác nhau ở nguồn gốc tấm da trước khi xử lý: Một loại được làm từ da thuộc và một loại được làm từ chất liệu tổng hợp. Hai loại da này rất giống nhau, nên khi lựa chọn sản phẩm các bạn nên hỏi rõ thông tin loại da.</p><p style=\"margin-right: 0px; margin-bottom: 10px; margin-left: 0px; padding: 0px; color: rgb(68, 74, 89); font-family: VNFFutura; font-size: 15px; background-color: rgb(255, 255, 255);\"><span style=\"margin: 0px; padding: 0px; font-weight: 700;\">Cách phân biệt da Saffiano với các loại da khác :</span></p><p style=\"margin-right: 0px; margin-bottom: 10px; margin-left: 0px; padding: 0px; color: rgb(68, 74, 89); font-family: VNFFutura; font-size: 15px; background-color: rgb(255, 255, 255); text-align: justify;\">– Điểm nhận biết da Saffiano đầu tiên là nằm ở bề mặt da, khi sờ lên bề mặt bạn có thể dễ dàng cảm nhận được những đường vân chìm đặc trưng, không thể lẫn với bất kỳ một loại da nào.</p><p style=\"margin-right: 0px; margin-bottom: 10px; margin-left: 0px; padding: 0px; color: rgb(68, 74, 89); font-family: VNFFutura; font-size: 15px; background-color: rgb(255, 255, 255); text-align: justify;\">Hoặc chỉ cần nhìn bằng mắt thường nếu bạn đủ tinh ý và thật sự hiểu về da bởi các họa tiết và vân da của da Saffiano hoàn toàn khác biệt với các loại da khác</p><p style=\"margin-right: 0px; margin-bottom: 10px; margin-left: 0px; padding: 0px; color: rgb(68, 74, 89); font-family: VNFFutura; font-size: 15px; background-color: rgb(255, 255, 255); text-align: justify;\">– Điểm thứ hai là da Saffiano đạt đến độ bền hoàn hảo vì vậy khi mua bạn có thể nhúng chúng vào nước để phân biệt.</p><p style=\"margin-right: 0px; margin-bottom: 10px; margin-left: 0px; padding: 0px; color: rgb(68, 74, 89); font-family: VNFFutura; font-size: 15px; background-color: rgb(255, 255, 255); text-align: justify;\">Bạn hãy bỏ túi cho mình những tips này để tránh mua phải hàng giả hàng nhái và trở thành một người tiêu dùng thông thái nhé.</p><h2 style=\"margin: 20px 0px 10px; padding: 0px; font-family: VNFFutura; line-height: 1.1; color: rgb(68, 74, 89); font-size: 24px; background-color: rgb(255, 255, 255); text-align: justify;\"><span class=\"ez-toc-section\" id=\"Da_Saffiano_xuat_hien_trong_linh_vuc_nao\" style=\"margin: 0px; padding: 0px;\"></span><span style=\"margin: 0px; padding: 0px; font-weight: 700;\">Da Saffiano xuất hiện trong lĩnh vực nào?</span><span class=\"ez-toc-section-end\" style=\"margin: 0px; padding: 0px;\"></span></h2><p style=\"margin-right: 0px; margin-bottom: 10px; margin-left: 0px; padding: 0px; color: rgb(68, 74, 89); font-family: VNFFutura; font-size: 15px; background-color: rgb(255, 255, 255); text-align: justify;\">Không chỉ có ưu điểm về độ bền, tính thẩm mỹ của&nbsp;<span style=\"margin: 0px; padding: 0px; font-weight: 700;\">dòng da Saffiano</span>&nbsp;cũng rất cao.<br style=\"margin: 0px; padding: 0px;\">Chính vì vậy mà mà chất liệu da Saffiano được rất nhiều hãng thời trang lớn ưa chuộng và được ứng dụng nhiều dòng sản phẩm thời trang cao cấp khác như ví da, thắt lưng, dây đồng hồ, túi xách,…</p><p style=\"margin-right: 0px; margin-bottom: 10px; margin-left: 0px; padding: 0px; color: rgb(68, 74, 89); font-family: VNFFutura; font-size: 15px; background-color: rgb(255, 255, 255);\"><img loading=\"lazy\" class=\"aligncenter wp-image-144656 size-full\" title=\"Đặc điểm da saffiano\" src=\"https://tamanh.net/wp-content/uploads/2021/02/chat-lieu-da-Saffiano.jpg\" alt=\"Đặc điểm da saffiano\" width=\"780\" height=\"494\" style=\"margin: 10px auto; padding: 0px; border: 0px; max-width: 100%; max-height: 100%; height: auto; width: auto; clear: both; display: table;\"></p><h3 style=\"margin: 20px 0px 10px; padding: 0px; font-family: VNFFutura; line-height: 1.1; color: rgb(68, 74, 89); font-size: 20px; background-color: rgb(255, 255, 255); text-align: justify;\"><span class=\"ez-toc-section\" id=\"1_Da_Saffiano_duoc_dung_de_thiet_ke_vi_cao_cap\" style=\"margin: 0px; padding: 0px;\"></span><span style=\"margin: 0px; padding: 0px; font-weight: 700;\">1. Da Saffiano được dùng để thiết kế ví cao cấp</span><span class=\"ez-toc-section-end\" style=\"margin: 0px; padding: 0px;\"></span></h3><p style=\"margin-right: 0px; margin-bottom: 10px; margin-left: 0px; padding: 0px; color: rgb(68, 74, 89); font-family: VNFFutura; font-size: 15px; background-color: rgb(255, 255, 255); text-align: justify;\">Ví da là phụ kiện thời trang không thể thiếu với mỗi chúng ta. Việc sử dụng ví da làm từ da Saffiano sẽ thể hiện bạn là người sành sỏi trong việc lựa chọn phụ kiện làm từ da thuộc.</p><h3 style=\"margin: 20px 0px 10px; padding: 0px; font-family: VNFFutura; line-height: 1.1; color: rgb(68, 74, 89); font-size: 20px; background-color: rgb(255, 255, 255); text-align: justify;\"><span class=\"ez-toc-section\" id=\"2_Da_Saffiano_duoc_dung_de_thiet_ke_lam_day_that_lung\" style=\"margin: 0px; padding: 0px;\"></span><span style=\"margin: 0px; padding: 0px; font-weight: 700;\">2. Da Saffiano được dùng để thiết kế làm dây thắt lưng</span><span class=\"ez-toc-section-end\" style=\"margin: 0px; padding: 0px;\"></span></h3><p style=\"margin-right: 0px; margin-bottom: 10px; margin-left: 0px; padding: 0px; color: rgb(68, 74, 89); font-family: VNFFutura; font-size: 15px; background-color: rgb(255, 255, 255); text-align: justify;\">Nói đến dây thắt lưng với đồ bền chắc thì không thể không nhắc đến dòng da Saffiano làm nguyên liệu</p><p style=\"margin-right: 0px; margin-bottom: 10px; margin-left: 0px; padding: 0px; color: rgb(68, 74, 89); font-family: VNFFutura; font-size: 15px; background-color: rgb(255, 255, 255); text-align: justify;\">Với khả năng chịu lực tốt cũng như giữ form ổn định mà&nbsp;<span style=\"margin: 0px; padding: 0px; font-weight: 700;\">da Saffiano</span>&nbsp;hay được chọn để thiết kế dây thắt lưng.</p><h3 style=\"margin: 20px 0px 10px; padding: 0px; font-family: VNFFutura; line-height: 1.1; color: rgb(68, 74, 89); font-size: 20px; background-color: rgb(255, 255, 255); text-align: justify;\"><span class=\"ez-toc-section\" id=\"3_Da_Saffiano_duoc_dung_de_thiet_ke_day_dong_ho\" style=\"margin: 0px; padding: 0px;\"></span><span style=\"margin: 0px; padding: 0px; font-weight: 700;\">3. Da Saffiano được dùng để thiết kế dây đồng hồ</span><span class=\"ez-toc-section-end\" style=\"margin: 0px; padding: 0px;\"></span></h3><p style=\"margin-right: 0px; margin-bottom: 10px; margin-left: 0px; padding: 0px; color: rgb(68, 74, 89); font-family: VNFFutura; font-size: 15px; background-color: rgb(255, 255, 255); text-align: justify;\">Với màu sắc vô cùng phong phú, cũng như khả năng chống nước gần như tuyệt đối nên dây đồng hồ cao cấp làm từ da Saffiano là một sự lựa chọn hoàn hảo dành cho bạn.</p><h3 style=\"margin: 20px 0px 10px; padding: 0px; font-family: VNFFutura; line-height: 1.1; color: rgb(68, 74, 89); font-size: 20px; background-color: rgb(255, 255, 255); text-align: justify;\"><span class=\"ez-toc-section\" id=\"4_Da_Saffiano_duoc_dung_de_thiet_ke_tui_xach_thoi_trang\" style=\"margin: 0px; padding: 0px;\"></span><span style=\"margin: 0px; padding: 0px; font-weight: 700;\">4. Da Saffiano được dùng để thiết kế túi xách thời trang</span><span class=\"ez-toc-section-end\" style=\"margin: 0px; padding: 0px;\"></span></h3><p style=\"margin-right: 0px; margin-bottom: 10px; margin-left: 0px; padding: 0px; color: rgb(68, 74, 89); font-family: VNFFutura; font-size: 15px; background-color: rgb(255, 255, 255); text-align: justify;\">Nổi bật nhất trong các sản phẩm của dòng&nbsp;<span style=\"margin: 0px; padding: 0px; font-weight: 700;\">da Saffiano</span>&nbsp;này là túi xách. Túi xách làm từ da Saffiano có thiết kế độc đáo, người thợ thủ công thỏa sức sáng tạo và thiết kế do dòng da này giữ dáng rất tốt, giữ form thiết kế tuyệt hảo. Phải kể đến những túi da nổi tiếng của Prada – nơi các tín đồ Saffiano luôn muốn chạm tay tới.</p><h3 style=\"margin: 20px 0px 10px; padding: 0px; font-family: VNFFutura; line-height: 1.1; color: rgb(68, 74, 89); font-size: 20px; background-color: rgb(255, 255, 255); text-align: justify;\"><span class=\"ez-toc-section\" id=\"5_Da_Saffiano_duoc_dung_de_thiet_ke_gia%CC%80y_da\" style=\"margin: 0px; padding: 0px;\"></span><span style=\"margin: 0px; padding: 0px; font-weight: 700;\">5. Da Saffiano được dùng để thiết kế giày da</span><span class=\"ez-toc-section-end\" style=\"margin: 0px; padding: 0px;\"></span></h3><p style=\"margin-right: 0px; margin-bottom: 10px; margin-left: 0px; padding: 0px; color: rgb(68, 74, 89); font-family: VNFFutura; font-size: 15px; background-color: rgb(255, 255, 255); text-align: justify;\"><a href=\"https://tamanh.net/giay-da-nam\" target=\"_blank\" rel=\"noopener noreferrer\" style=\"margin: 0px; padding: 0px; background-image: initial; background-position: initial; background-size: initial; background-repeat: initial; background-attachment: initial; background-origin: initial; background-clip: initial; color: rgb(221, 186, 118);\">Giày da cao cấp</a>&nbsp;thông thường sẽ sử dụng da bò, da bê, da cá sấu làm nguyên liệu sản xuất. Tuy nhiên, có một loại da ngày càng được sử dụng nhiều hơn trong công nghệ sản xuất giày đó là&nbsp;<span style=\"margin: 0px; padding: 0px; font-weight: 700;\">da bò saffiano</span>.</p><p style=\"margin-right: 0px; margin-bottom: 10px; margin-left: 0px; padding: 0px; color: rgb(68, 74, 89); font-family: VNFFutura; font-size: 15px; background-color: rgb(255, 255, 255); text-align: justify;\">Điểm nổi bật của giày da saffiano không chỉ là kiểu dáng đa dạng vân da họa tiết rất đặc trưng, sở hữu những đặc tính của da bò là đàn hồi tốt, mà còn tận dụng được lợi thế tuyệt vời đó là kháng nước tốt, bền bỉ hơn trong môi trường nóng ẩm nhiệt đới, tạo cảm giác thoải mái cho người dùng.</p><p style=\"margin-right: 0px; margin-bottom: 10px; margin-left: 0px; padding: 0px; color: rgb(68, 74, 89); font-family: VNFFutura; font-size: 15px; background-color: rgb(255, 255, 255); text-align: justify;\">Chính vì vậy các sản phẩm giày da Saffiano được đánh giá rất cao và trở nên giá trị bởi vẻ đẹp mới mẻ và rất độc đáo. Bên cạnh đó nó ngày càng được cải tiến rất nhiều nên thỏa mãn được sở thích của nhiều đối tượng dùng khác nhau.</p><h3 style=\"margin: 20px 0px 10px; padding: 0px; font-family: VNFFutura; line-height: 1.1; color: rgb(68, 74, 89); font-size: 20px; background-color: rgb(255, 255, 255); text-align: justify;\"><span class=\"ez-toc-section\" id=\"6_Da_saffiano_duoc_dung_de_thiet_ke_balo\" style=\"margin: 0px; padding: 0px;\"></span><span style=\"margin: 0px; padding: 0px; font-weight: 700;\">6. Da saffiano được dùng để thiết kế balo</span><span class=\"ez-toc-section-end\" style=\"margin: 0px; padding: 0px;\"></span></h3><p style=\"margin-right: 0px; margin-bottom: 10px; margin-left: 0px; padding: 0px; color: rgb(68, 74, 89); font-family: VNFFutura; font-size: 15px; background-color: rgb(255, 255, 255); text-align: justify;\">Với kiểu dáng rất thời trang và được ra đời từ nhu cầu sử dụng của người dùng nên ba lô&nbsp;<span style=\"margin: 0px; padding: 0px; font-weight: 700;\">da bò saffiano</span>&nbsp;đem đến sự tiện dụng cao, dễ dàng sử dụng cũng như là bảo quản.</p><p style=\"margin-right: 0px; margin-bottom: 10px; margin-left: 0px; padding: 0px; color: rgb(68, 74, 89); font-family: VNFFutura; font-size: 15px; background-color: rgb(255, 255, 255); text-align: justify;\">Ba lô da Saffiano cho người dùng trải nghiệm được phong cách ấn tượng, cá tính và luôn mới mẻ bởi chất da bò saffiano vừa độc vừa lạ với đường vân bắt mắt.</p><p style=\"margin-right: 0px; margin-bottom: 10px; margin-left: 0px; padding: 0px; color: rgb(68, 74, 89); font-family: VNFFutura; font-size: 15px; background-color: rgb(255, 255, 255); text-align: justify;\">Ngoài ra thì với nhiều màu sắc đẹp, rất sang trọng và tinh tế nên một khi bạn đã sử dụng mẫu ba lô thời thượng được làm từ chất&nbsp;<span style=\"margin: 0px; padding: 0px; font-weight: 700;\">da bò saffiano</span>&nbsp;sẽ cảm nhận được sự đặc biệt, ấn tượng và đảm bảo chất lượng tốt, hiệu quả nhất trong suốt quá trình sử dụng vì tuổi thọ cao, không bị tác động của môi trường cũng như là kháng nước, chống cháy cực tốt…giúp bảo vệ các đồ dùng bên trong một cách tối ưu.</p><p style=\"margin-right: 0px; margin-bottom: 10px; margin-left: 0px; padding: 0px; color: rgb(68, 74, 89); font-family: VNFFutura; font-size: 15px; background-color: rgb(255, 255, 255); text-align: justify;\">Bên cạnh các món đồ trên thì còn rất nhiều sản phẩm được ra đời từ chất da saffiano nên một khi bạn đã muốn sở hữu thì đừng quên tìm đến nơi chuyên cung cấp cũng như là sản xuất đồ da thật để được đáp ứng nhanh, lựa chọn phù hợp nhất.</p><p style=\"margin-right: 0px; margin-bottom: 10px; margin-left: 0px; padding: 0px; color: rgb(68, 74, 89); font-family: VNFFutura; font-size: 15px; background-color: rgb(255, 255, 255);\">* Bạn có biết da bò là gì? Da bò có thực sự tốt? Xem ngay thông tin về:&nbsp;<a href=\"https://tamanh.net/da-bo-co-tot-khong.html\" target=\"_blank\" rel=\"noopener noreferrer\" style=\"margin: 0px; padding: 0px; background-image: initial; background-position: initial; background-size: initial; background-repeat: initial; background-attachment: initial; background-origin: initial; background-clip: initial; color: rgb(221, 186, 118);\">Da bò</a></p><h2 style=\"margin: 20px 0px 10px; padding: 0px; font-family: VNFFutura; line-height: 1.1; color: rgb(68, 74, 89); font-size: 24px; background-color: rgb(255, 255, 255); text-align: justify;\"><span class=\"ez-toc-section\" id=\"Mua_da_Saffiano_chinh_hang_o_dau\" style=\"margin: 0px; padding: 0px;\"></span><span style=\"margin: 0px; padding: 0px; font-weight: 700;\">Mua da Saffiano chính hãng ở đâu?</span><span class=\"ez-toc-section-end\" style=\"margin: 0px; padding: 0px;\"></span></h2><p style=\"margin-right: 0px; margin-bottom: 10px; margin-left: 0px; padding: 0px; color: rgb(68, 74, 89); font-family: VNFFutura; font-size: 15px; background-color: rgb(255, 255, 255); text-align: justify;\">Với nhu cầu sử dụng ngày càng cao, nên dòng da saffiano xuất hiện rất nhiều hàng nhái hàng giả gây hoang mang cho người dùng. Vì thế nên, để luôn đảm bảo được chất da chất lượng cao, ra đời đạt chuẩn nhất thì việc tìm đến địa chỉ chuyên cung cấp da Saffiano uy tín trên thị trường là một trong những yếu tố quan trọng nhất.</p><p style=\"margin-right: 0px; margin-bottom: 10px; margin-left: 0px; padding: 0px; color: rgb(68, 74, 89); font-family: VNFFutura; font-size: 15px; background-color: rgb(255, 255, 255); text-align: justify;\">Đến với <a href=\"https://www.facebook.com/Wadaleather\" target=\"_blank\">Wada leather&nbsp;</a>đảm bảo làm hài lòng quý khách hàng về mặt chất da lẫn giá cả. Với chế độ ưu đãi, bảo hành đầy đủ, cùng đội ngũ nhân viên chuyên nghiệp… nên qua nhiều năm hoạt động trên thị trường Wada leather&nbsp;đã lượng khách hàng đông đảo, trở thành địa chỉ uy tín được khách hàng tin dùng.</p><p style=\"margin-right: 0px; margin-bottom: 10px; margin-left: 0px; padding: 0px; color: rgb(68, 74, 89); font-family: VNFFutura; font-size: 15px; background-color: rgb(255, 255, 255); text-align: justify;\">Tại Wada leather&nbsp;bạn sẽ được phục vụ chu đáo, thỏa mãn sự tìm kiếm chất da thật cao cấp theo sở thích, nhu cầu.</p><p style=\"margin-right: 0px; margin-bottom: 10px; margin-left: 0px; padding: 0px; color: rgb(68, 74, 89); font-family: VNFFutura; font-size: 15px; background-color: rgb(255, 255, 255); text-align: justify;\">Hãy nhanh tay liên hệ với <b>Wada leather</b>&nbsp;chúng tôi để có được những chất liệu da an toàn, mang vẻ đẹp độc đáo, mang hơi thở xu hướng thời trang hiện đại nhất.</p>',0,'2021-04-21 17:07:22',NULL,NULL,NULL,1,17,'phan-biet-nhan-biet-va-ung-dung-cua-da-saffiano-1618999641576'),(11,'Độ bền và ứng dụng của da pullup','blog/avatar/bao-quan-da-Pullup.jpg','<p><span style=\"margin: 0px; padding: 0px; font-weight: 700; color: rgb(68, 74, 89); font-family: VNFFutura; font-size: 15px; text-align: justify; background-color: rgb(255, 255, 255);\">Da Pullup</span><span style=\"color: rgb(68, 74, 89); font-family: VNFFutura; font-size: 15px; text-align: justify; background-color: rgb(255, 255, 255);\">&nbsp;là loại da được sử dụng rộng rãi, phổ biến và được nhiều người ưa chuộng vì đặc tính ưu điểm của nó, vậy bạn đã biết hết được những ưu điểm cũng như nhược điểm của da Pullup chưa và làm thế nào để bạn có thể nhận biết được da Pullup với các loại da khác? Hôm nay Wada leather sẽ chia sẻ đến bạn đọc những thông tin về da Pullup và cách sử dụng da Pullup một cách tốt nhất.</span><br></p>','<h2 style=\"margin: 20px 0px 10px; padding: 0px; font-family: VNFFutura; line-height: 1.1; color: rgb(68, 74, 89); font-size: 24px; background-color: rgb(255, 255, 255); text-align: justify;\"><span style=\"margin: 0px; padding: 0px; font-weight: 700;\">Da pullup là gì?</span><span class=\"ez-toc-section-end\" style=\"margin: 0px; padding: 0px;\"></span></h2><p style=\"margin-right: 0px; margin-bottom: 10px; margin-left: 0px; padding: 0px; color: rgb(68, 74, 89); font-family: VNFFutura; font-size: 15px; background-color: rgb(255, 255, 255); text-align: justify;\">Đầu tiên chúng ta hãy đi tìm hiểu xem khái niệm của da Pullup. Đối với từng loại da cũng sẽ có những khu vực tốt nhất, đẹp nhất vì vậy giá thành của chúng cùng sẽ đắt đỏ nhất. Vì thế da bò pull up cũng chính là loại da đắt tiền nhất chính bởi vì chúng được làm từ những phần tốt nhất của da bò.&nbsp;<span style=\"margin: 0px; padding: 0px; font-weight: 700;\">Da Pullup</span>&nbsp;có các đặc điểm là mềm mại, không có lớp phủ bên ngoài, có thể chịu đựng trong điều kiện thời tiết khắc nghiệt khá cao.</p><p style=\"margin-right: 0px; margin-bottom: 10px; margin-left: 0px; padding: 0px; color: rgb(68, 74, 89); font-family: VNFFutura; font-size: 15px; background-color: rgb(255, 255, 255);\"><img loading=\"lazy\" class=\"aligncenter wp-image-144356 size-full\" title=\"Da pullup\" src=\"https://tamanh.net/wp-content/uploads/2021/02/Da-pullup.jpg\" alt=\"Da pullup\" width=\"800\" height=\"533\" style=\"margin: 10px auto; padding: 0px; border: 0px; max-width: 100%; max-height: 100%; height: auto; width: auto; clear: both; display: table;\"></p><p style=\"margin-right: 0px; margin-bottom: 10px; margin-left: 0px; padding: 0px; color: rgb(68, 74, 89); font-family: VNFFutura; font-size: 15px; background-color: rgb(255, 255, 255); text-align: justify;\">Trong sản xuất các sản phẩm da,&nbsp;<span style=\"margin: 0px; padding: 0px; font-weight: 700;\">da Pullup</span>&nbsp;thuộc hàng da đắt đỏ nhất bởi vì nó không có lớp phủ bên ngoài nên da thoáng khí và mềm mại, có độ đàn hồi tốt, khó bị gãy hơn các loại da khác nên da bò Pullup được bày bán khá nhiều trên thị trường.</p><p style=\"margin-right: 0px; margin-bottom: 10px; margin-left: 0px; padding: 0px; color: rgb(68, 74, 89); font-family: VNFFutura; font-size: 15px; background-color: rgb(255, 255, 255);\">Để sản xuất được một bò pull up là chọn một miếng da bò tốt nhất đã được nhuộm màu, phủ đều lên lớp da một lớp aniline truyền thống để đều màu, sử dụng một số phương pháp pull up như wax crackle, savage, shrunken grain cuối cùng là sẽ phủ một lớp bảo vệ nhẹ thế là đã hoàn thành một miếng da bò pull up.</p><p style=\"margin-right: 0px; margin-bottom: 10px; margin-left: 0px; padding: 0px; color: rgb(68, 74, 89); font-family: VNFFutura; font-size: 15px; background-color: rgb(255, 255, 255);\"><img loading=\"lazy\" class=\"alignnone size-full wp-image-145726\" src=\"https://tamanh.net/wp-content/uploads/2020/11/icon-link.png\" alt=\"icon chia sẻ đẹp\" width=\"16\" height=\"16\" style=\"margin: 0px; padding: 0px; border: 0px; max-width: 100%; max-height: 100%; height: auto; width: auto;\">&nbsp;Có thể bạn quan tâm:&nbsp;<a href=\"https://tamanh.net/da-bo-that-cova.html\" target=\"_blank\" rel=\"noopener noreferrer\" style=\"margin: 0px; padding: 0px; background-image: initial; background-position: initial; background-size: initial; background-repeat: initial; background-attachment: initial; background-origin: initial; background-clip: initial; color: rgb(221, 186, 118);\">Da bò thật cova</a></p><h2 style=\"margin: 20px 0px 10px; padding: 0px; font-family: VNFFutura; line-height: 1.1; color: rgb(68, 74, 89); font-size: 24px; background-color: rgb(255, 255, 255); text-align: justify;\"><span class=\"ez-toc-section\" id=\"Cac_loai_da_Pullup_hien_nay\" style=\"margin: 0px; padding: 0px;\"></span><span style=\"margin: 0px; padding: 0px; font-weight: 700;\">Các loại da Pullup hiện nay</span><span class=\"ez-toc-section-end\" style=\"margin: 0px; padding: 0px;\"></span></h2><p style=\"margin-right: 0px; margin-bottom: 10px; margin-left: 0px; padding: 0px; color: rgb(68, 74, 89); font-family: VNFFutura; font-size: 15px; background-color: rgb(255, 255, 255); text-align: justify;\">Hiện nay có 2 loại da Pullup chủ yếu: Da Pullup sáp láng và da Pullup sáp mill.</p><h3 style=\"margin: 20px 0px 10px; padding: 0px; font-family: VNFFutura; line-height: 1.1; color: rgb(68, 74, 89); font-size: 20px; background-color: rgb(255, 255, 255); text-align: justify;\"><span class=\"ez-toc-section\" id=\"1_Da_sap_lang\" style=\"margin: 0px; padding: 0px;\"></span><span style=\"margin: 0px; padding: 0px; font-weight: 700;\">1. Da sáp láng</span><span class=\"ez-toc-section-end\" style=\"margin: 0px; padding: 0px;\"></span></h3><p style=\"margin-right: 0px; margin-bottom: 10px; margin-left: 0px; padding: 0px; color: rgb(68, 74, 89); font-family: VNFFutura; font-size: 15px; background-color: rgb(255, 255, 255); text-align: justify;\">Da sáp láng được người ta chà hoặc bào mòn để da không còn vân láng bóng và không còn lỗi không đều trên da. Loại này có thể được các nghệ nhân chế tác thêm vân, lỗ hoặc hạt…Cũng có thể để láng nguyên còn tùy vào mục đích sử dụng của mỗi người tiêu dùng.</p><h3 style=\"margin: 20px 0px 10px; padding: 0px; font-family: VNFFutura; line-height: 1.1; color: rgb(68, 74, 89); font-size: 20px; background-color: rgb(255, 255, 255); text-align: justify;\"><span class=\"ez-toc-section\" id=\"2_Da_sap_mill\" style=\"margin: 0px; padding: 0px;\"></span><span style=\"margin: 0px; padding: 0px; font-weight: 700;\">2. Da sáp mill</span><span class=\"ez-toc-section-end\" style=\"margin: 0px; padding: 0px;\"></span></h3><p style=\"margin-right: 0px; margin-bottom: 10px; margin-left: 0px; padding: 0px; color: rgb(68, 74, 89); font-family: VNFFutura; font-size: 15px; background-color: rgb(255, 255, 255); text-align: justify;\">Trái ngược lại với da sáp láng, da sáp mill được để nguyên vân kể cả vết sẹo hoặc vết côn trùng cắn. Thông thường loại da này được những người nghệ nhân chọn lọc từ những con (bò, ngựa…) có bề mặt da đẹp. Còn những con không được chọn thì mới chuyển sang làm da láng hoặc các loại da khác tùy vào mục đích sử dụng của từng người tiêu dùng.</p><p style=\"margin-right: 0px; margin-bottom: 10px; margin-left: 0px; padding: 0px; color: rgb(68, 74, 89); font-family: VNFFutura; font-size: 15px; background-color: rgb(255, 255, 255); text-align: justify;\">Ngoài ra có thể chia da sáp láng và da sáp mill thành 2 loại là da sáp ướt và da sáp khô. Giống như tên gọi của chúng, da sáp ướt có bề mặt nhờn rít, lượng sáp nhiều nên da nặng, màu sắc của loại này thì đậm hơn và tươi hơn, khi da sáp ướt bị trầy bạn chỉ cần chà chút là da sẽ về màu rất dễ bằng những cách làm khá đơn giản.</p><p style=\"margin-right: 0px; margin-bottom: 10px; margin-left: 0px; padding: 0px; color: rgb(68, 74, 89); font-family: VNFFutura; font-size: 15px; background-color: rgb(255, 255, 255); text-align: justify;\">Còn với loại da sáp khô thì bề mặt chúng có phần láng hơn, da nhẹ hơn hoàn toàn với lượng sáp ít với độ trầy xước tất nhiên là so với sáp ướt thì thấp hơn hoàn toàn (thế nhưng tính chất khi bị trầy vẫn có thể trở về trạng thái như ban đầu), màu sắc của dòng da khô này cũng sẽ không tươi như màu da sáp ướt và màu của nó có phần trầm hơn.</p><h2 style=\"margin: 20px 0px 10px; padding: 0px; font-family: VNFFutura; line-height: 1.1; color: rgb(68, 74, 89); font-size: 24px; background-color: rgb(255, 255, 255); text-align: justify;\"><span class=\"ez-toc-section\" id=\"Quy_trinh_san_xuat_da_Pullup\" style=\"margin: 0px; padding: 0px;\"></span><span style=\"margin: 0px; padding: 0px; font-weight: 700;\">Quy trình sản xuất da Pullup</span><span class=\"ez-toc-section-end\" style=\"margin: 0px; padding: 0px;\"></span></h2><p style=\"margin-right: 0px; margin-bottom: 10px; margin-left: 0px; padding: 0px; color: rgb(68, 74, 89); font-family: VNFFutura; font-size: 15px; background-color: rgb(255, 255, 255); text-align: justify;\">Đầu tiên, sau khi lựa chọn được phần tốt nhất của những tấm da bò, chúng được đem đi nhuộm màu.</p><p style=\"margin-right: 0px; margin-bottom: 10px; margin-left: 0px; padding: 0px; color: rgb(68, 74, 89); font-family: VNFFutura; font-size: 15px; background-color: rgb(255, 255, 255); text-align: justify;\">Tiếp theo, người ta sẽ xịt lên bề mặt da một loại thuốc nhuộm Aniline truyền thống có tác dụng làm đều màu.</p><p style=\"margin-right: 0px; margin-bottom: 10px; margin-left: 0px; padding: 0px; color: rgb(68, 74, 89); font-family: VNFFutura; font-size: 15px; background-color: rgb(255, 255, 255); text-align: justify;\">Có rất nhiều phương pháp truyền thống để tạo ra những loại như: Pull Up, Shrunken Grain, Savage, Wax Crackle…</p><p style=\"margin-right: 0px; margin-bottom: 10px; margin-left: 0px; padding: 0px; color: rgb(68, 74, 89); font-family: VNFFutura; font-size: 15px; background-color: rgb(255, 255, 255);\"><img loading=\"lazy\" class=\"aligncenter wp-image-144359 size-full\" title=\"Quy trình sản xuất da Pullup\" src=\"https://tamanh.net/wp-content/uploads/2021/02/san-xuat-da-Pullup.jpg\" alt=\"Quy trình sản xuất da Pullup\" width=\"800\" height=\"450\" style=\"margin: 10px auto; padding: 0px; border: 0px; max-width: 100%; max-height: 100%; height: auto; width: auto; clear: both; display: table;\"></p><p style=\"margin-right: 0px; margin-bottom: 10px; margin-left: 0px; padding: 0px; color: rgb(68, 74, 89); font-family: VNFFutura; font-size: 15px; background-color: rgb(255, 255, 255); text-align: justify;\">Đến công đoạn cuối cùng, một số xưởng sản xuất sẽ lựa chọn phương pháp phun một lớp bảo vệ nhẹ (Như dạng sáp) để làm cho da có khả năng chống lại bụi bặm. Việc này sẽ không hề ảnh hưởng tới phẩm chất của tấm da đang được sản xuất.</p><p style=\"margin-right: 0px; margin-bottom: 10px; margin-left: 0px; padding: 0px; color: rgb(68, 74, 89); font-family: VNFFutura; font-size: 15px; background-color: rgb(255, 255, 255); text-align: justify;\">Nếu như tấm da được phun lên một lớp màu nhân tạo hoặc sơn có tính chất tạo màu thì lúc này bề mặt da của chúng sẽ khiến da bị biến đổi và không còn tốt nữa.</p><h2 style=\"margin: 20px 0px 10px; padding: 0px; font-family: VNFFutura; line-height: 1.1; color: rgb(68, 74, 89); font-size: 24px; background-color: rgb(255, 255, 255); text-align: justify;\"><span class=\"ez-toc-section\" id=\"Cach_phan_biet_da_Pullup_voi_cac_loai_da_khac\" style=\"margin: 0px; padding: 0px;\"></span><span style=\"margin: 0px; padding: 0px; font-weight: 700;\">Cách phân biệt da Pullup với các loại da khác</span><span class=\"ez-toc-section-end\" style=\"margin: 0px; padding: 0px;\"></span></h2><p style=\"margin-right: 0px; margin-bottom: 10px; margin-left: 0px; padding: 0px; color: rgb(68, 74, 89); font-family: VNFFutura; font-size: 15px; background-color: rgb(255, 255, 255); text-align: justify;\">Dựa trên quy trình sản xuất của loại da này, chúng ta có thể dễ dàng phân biệt loại da này qua những cách sau:</p><p style=\"margin-right: 0px; margin-bottom: 10px; margin-left: 0px; padding: 0px; color: rgb(68, 74, 89); font-family: VNFFutura; font-size: 15px; background-color: rgb(255, 255, 255); text-align: justify;\">– Đầu tiên bạn hãy làm xước nhẹ lên bề mặt xem da có để lại vết xước màu sáng hơn hay không. Nếu bạn cảm thấy vết xước có màu sáng và bóng hơn thì 90% đó là da Pull Up. Tuy nhiên, 10% còn lại là da Nubuck bởi cũng có một vài loại da có đặc điểm giống như vậy được bày bán khá nhiều trên thị trường.</p><p style=\"margin-right: 0px; margin-bottom: 10px; margin-left: 0px; padding: 0px; color: rgb(68, 74, 89); font-family: VNFFutura; font-size: 15px; background-color: rgb(255, 255, 255); text-align: justify;\">– Ngoài ra bạn cũng có thể thử những cách khác là làm ướt ngón tay của bạn và chà nhẹ lên da để xem nó có sẫm màu hơn hay không. Nếu sau khi thử đó da Pull Up, bạn sẽ thấy khi ướt nó có màu sẫm sẫm nhưng khi khô sẽ không thế nữa.</p><p style=\"margin-right: 0px; margin-bottom: 10px; margin-left: 0px; padding: 0px; color: rgb(68, 74, 89); font-family: VNFFutura; font-size: 15px; background-color: rgb(255, 255, 255); text-align: justify;\">– Bạn cũng có thể bôi lên bề mặt của giày một loại kem bảo vệ như Shoe Cream lên một vùng da rồi để khô tự nhiên. Nếu kem khô mà bạn không thấy dấu vết gì thì đó là da Pull Up chuẩn.</p><p style=\"margin-right: 0px; margin-bottom: 10px; margin-left: 0px; padding: 0px; color: rgb(68, 74, 89); font-family: VNFFutura; font-size: 15px; background-color: rgb(255, 255, 255); text-align: justify;\">Ngoài ra để phân biệt các loại da sáp láng in hạt với các loại da mill vân tự nhiên cũng không khó lắm. Bạn chỉ cần nhìn tổng thể bề mặt da và chú ý vào sự phân bổ các lớp vân trên bề mặt da. Nếu da mill thì sự phân bổ này hoàn toàn do tự nhiên nên không đều và không được bằng phẳng. Còn da được in hạt là do con người làm dập khuôn nên sẽ đều hạt như nhau.</p><h2 style=\"margin: 20px 0px 10px; padding: 0px; font-family: VNFFutura; line-height: 1.1; color: rgb(68, 74, 89); font-size: 24px; background-color: rgb(255, 255, 255); text-align: justify;\"><span class=\"ez-toc-section\" id=\"Uu_diem_va_nhuoc_diem_cua_da_Pullup\" style=\"margin: 0px; padding: 0px;\"></span><span style=\"margin: 0px; padding: 0px; font-weight: 700;\">Ưu điểm và nhược điểm của da Pullup</span><span class=\"ez-toc-section-end\" style=\"margin: 0px; padding: 0px;\"></span></h2><h3 style=\"margin: 20px 0px 10px; padding: 0px; font-family: VNFFutura; line-height: 1.1; color: rgb(68, 74, 89); font-size: 20px; background-color: rgb(255, 255, 255); text-align: justify;\"><span class=\"ez-toc-section\" id=\"1_Uu_diem_cua_da_Pullup\" style=\"margin: 0px; padding: 0px;\"></span><span style=\"margin: 0px; padding: 0px; font-weight: 700;\">1. Ưu điểm của da Pullup</span><span class=\"ez-toc-section-end\" style=\"margin: 0px; padding: 0px;\"></span></h3><p style=\"margin-right: 0px; margin-bottom: 10px; margin-left: 0px; padding: 0px; color: rgb(68, 74, 89); font-family: VNFFutura; font-size: 15px; background-color: rgb(255, 255, 255); text-align: justify;\">Da sáp có độ bền khá cao, đặc biệt ở chỗ càng trầy nó lại càng lên màu đẹp và càng thể hiện được những ưu điểm vốn có của nó vì vậy nó có thể va đập thoải mái mà bạn không sợ làm xấu đi sản phẩm mà bạn đang sử dụng.</p><p style=\"margin-right: 0px; margin-bottom: 10px; margin-left: 0px; padding: 0px; color: rgb(68, 74, 89); font-family: VNFFutura; font-size: 15px; background-color: rgb(255, 255, 255); text-align: justify;\">Thêm một đặc điểm khá thú vị mà bạn không biết nữa là da sáp có khả năng lên nước rất rõ (ý là như đồ cổ đó càng sử dụng lại càng đẹp) bởi inox dễ trầy nên để lại nhiều vết xước khi lên nước sản phẩm dung da sáp sẽ bóng hơn và chai lì hơn.</p><h3 style=\"margin: 20px 0px 10px; padding: 0px; font-family: VNFFutura; line-height: 1.1; color: rgb(68, 74, 89); font-size: 20px; background-color: rgb(255, 255, 255); text-align: justify;\"><span class=\"ez-toc-section\" id=\"2_Nhuoc_diem_da_Pullup\" style=\"margin: 0px; padding: 0px;\"></span><span style=\"margin: 0px; padding: 0px; font-weight: 700;\">2. Nhược điểm da Pullup</span><span class=\"ez-toc-section-end\" style=\"margin: 0px; padding: 0px;\"></span></h3><p style=\"margin-right: 0px; margin-bottom: 10px; margin-left: 0px; padding: 0px; color: rgb(68, 74, 89); font-family: VNFFutura; font-size: 15px; background-color: rgb(255, 255, 255); text-align: justify;\">Vì da Pullup có đặc điểm dễ bị trầy nên nhiều người sẽ không thích điều đó. So với các loại da khác da sáp thì khi nhìn vào bề mặt da Pullup thì nó khá cũ do lớp sáp trên bề mặt. Ngoài ra loại da Pullup khá là dễ bị mốc nếu gặp môi trường ẩm và bạn không biết bảo quản đúng cách.</p><p style=\"margin-right: 0px; margin-bottom: 10px; margin-left: 0px; padding: 0px; color: rgb(68, 74, 89); font-family: VNFFutura; font-size: 15px; background-color: rgb(255, 255, 255); text-align: justify;\">Thêm một điều nữa là do lớp sáp bên ngoài nên loại này khá dễ làm bám màu lên quần áo tuy giặt vẫn đi nhưng vẫn khá là nhiều người để ý tới chuyện đó. Da có chất sáp nên sẽ khó ăn sơn cạnh (lâu dài dễ bong lớp sơn), vì vậy da sáp thường là để nguyên cạnh hoặc đánh gum.<br></p><h2 style=\"margin: 20px 0px 10px; padding: 0px; font-family: VNFFutura; line-height: 1.1; color: rgb(68, 74, 89); font-size: 24px; background-color: rgb(255, 255, 255); text-align: justify;\"><span class=\"ez-toc-section\" id=\"Cach_bao_quan_da_Pullup\" style=\"margin: 0px; padding: 0px;\"></span><span style=\"margin: 0px; padding: 0px; font-weight: 700;\">Cách bảo quản da Pullup</span><span class=\"ez-toc-section-end\" style=\"margin: 0px; padding: 0px;\"></span></h2><p style=\"margin-right: 0px; margin-bottom: 10px; margin-left: 0px; padding: 0px; color: rgb(68, 74, 89); font-family: VNFFutura; font-size: 15px; background-color: rgb(255, 255, 255); text-align: justify;\">Đó còn phụ thuộc vào cách bảo quản da, nếu bạn bảo quản tốt thì da bò sáp sẽ phát huy được hết công dụng tốt của chính nó. Nếu bạn không biết bảo quản da sẽ dễ bị xấu đi so với lúc ban đầu.</p><p style=\"margin-right: 0px; margin-bottom: 10px; margin-left: 0px; padding: 0px; color: rgb(68, 74, 89); font-family: VNFFutura; font-size: 15px; background-color: rgb(255, 255, 255);\"><img loading=\"lazy\" class=\"aligncenter wp-image-144361 size-full\" title=\"Bảo quản da Pullup\" src=\"https://tamanh.net/wp-content/uploads/2021/02/bao-quan-da-Pullup.jpg\" alt=\"Bảo quản da Pullup\" width=\"800\" height=\"532\" style=\"margin: 10px auto; padding: 0px; border: 0px; max-width: 100%; max-height: 100%; height: auto; width: auto; clear: both; display: table;\"></p><p style=\"margin-right: 0px; margin-bottom: 10px; margin-left: 0px; padding: 0px; color: rgb(68, 74, 89); font-family: VNFFutura; font-size: 15px; background-color: rgb(255, 255, 255); text-align: justify;\">Với các sản phẩm được làm từ da bò sáp bạn nên để chúng ở vị trí riêng biệt, tránh cho lớp sáp bị dính sang các đồ vật khác. Nên để ở nơi thông thoáng tránh ánh nắng mặt trời trực tiếp và hơi ẩm của nền đất.</p><p style=\"margin-right: 0px; margin-bottom: 10px; margin-left: 0px; padding: 0px; color: rgb(68, 74, 89); font-family: VNFFutura; font-size: 15px; background-color: rgb(255, 255, 255); text-align: justify;\">Với các vết bẩn khó đi khi lau bằng khăn khô bạn có thể sử dụng bàn chải và chất tẩy rửa, nhưng chỉ cho vài giọt chất tẩy rửa và phải pha loãng ra. Sau đó bạn dùng bàn chải chà xát nhẹ nhàng để tránh làm bạc màu da. Cố gắng thử chất tẩy rửa với da trước để tránh những tác hại không mong muốn cho sản phẩm làm từ da bò sáp.</p><h2 style=\"margin: 20px 0px 10px; padding: 0px; font-family: VNFFutura; line-height: 1.1; color: rgb(68, 74, 89); font-size: 24px; background-color: rgb(255, 255, 255); text-align: justify;\"><span class=\"ez-toc-section\" id=\"Ung_dung_cua_da_Pullup_trong_doi_song_hang_ngay\" style=\"margin: 0px; padding: 0px;\"></span><span style=\"margin: 0px; padding: 0px; font-weight: 700;\">Ứng dụng của da Pullup trong đời sống hàng ngày</span><span class=\"ez-toc-section-end\" style=\"margin: 0px; padding: 0px;\"></span></h2><p style=\"margin-right: 0px; margin-bottom: 10px; margin-left: 0px; padding: 0px; color: rgb(68, 74, 89); font-family: VNFFutura; font-size: 15px; background-color: rgb(255, 255, 255); text-align: justify;\"><span style=\"margin: 0px; padding: 0px; font-weight: 700;\">Da Pullup</span>&nbsp;được nhiều người đặt cho một cái tên khá mỹ miều là: “Hoàng tử trong thế giới đồ da”. Da pullup rất được ưa chuộng trong ngành thời trang sản xuất giày và túi, ví. Điều đó đồng nghĩa với việc các công ty, cơ sở sản xuất trong lĩnh vực này có nhu cầu rất lớn với nguồn nguyên liệu này… Trong lĩnh vực nguyên liệu da, đây là những quốc gia có lợi thế nguyên liệu để có giá thành rẻ cũng như chất lượng ổn định đồng đều nhất.</p><h2 style=\"margin: 20px 0px 10px; padding: 0px; font-family: VNFFutura; line-height: 1.1; color: rgb(68, 74, 89); font-size: 24px; background-color: rgb(255, 255, 255); text-align: justify;\"><span class=\"ez-toc-section\" id=\"Loi_ket\" style=\"margin: 0px; padding: 0px;\"></span><span style=\"margin: 0px; padding: 0px; font-weight: 700;\">Lời kết</span><span class=\"ez-toc-section-end\" style=\"margin: 0px; padding: 0px;\"></span></h2><p style=\"margin-right: 0px; margin-bottom: 10px; margin-left: 0px; padding: 0px; color: rgb(68, 74, 89); font-family: VNFFutura; font-size: 15px; background-color: rgb(255, 255, 255); text-align: justify;\">Hy vọng với những thông tin trên đây của Wada leather&nbsp;đã giúp bạn phần nào hiểu hơn về&nbsp;<span style=\"margin: 0px; padding: 0px; font-weight: 700;\">da Pullup</span>&nbsp;và lựa chọn những sản phẩm phù hợp với mình nhất. Nếu bạn muốn sở hữu những sản phẩm làm từ đồ da “chất lượng” thì mời bạn ghé Wada leather, một trong những địa chỉ uy tín chuyên cung cấp sản phẩm đồ da cho nam giới.</p><p style=\"margin-right: 0px; margin-bottom: 10px; margin-left: 0px; padding: 0px; color: rgb(68, 74, 89); font-family: VNFFutura; font-size: 15px; background-color: rgb(255, 255, 255); text-align: justify;\">Wada leather đã nhận được sự ủng hộ mạnh mẽ từ các quý ông nên bạn có thể hoàn toàn yên tâm khi đặt mua các sản phẩm ở đây.</p>',1,'2021-04-21 17:10:20',NULL,NULL,NULL,1,17,'o-ben-va-ung-dung-cua-da-pullup-1618999819553'),(12,'Phân biệt, nhận biết và ưu điểm của da Mill','blog/avatar/da-mill.jpg','<p><span style=\"margin: 0px; padding: 0px; font-weight: 700; color: rgb(68, 74, 89); font-family: VNFFutura; font-size: 15px; text-align: justify; background-color: rgb(255, 255, 255);\">Da Mill</span><span style=\"color: rgb(68, 74, 89); font-family: VNFFutura; font-size: 15px; text-align: justify; background-color: rgb(255, 255, 255);\">&nbsp;là loại da được sử dụng rộng rãi và được nhiều người ưa chuộng vì những ưu điểm của nó, vậy bạn đã biết hết được những ưu điểm cũng như nhược điểm của da Mill chưa và làm thế nào để bạn có thể nhận biết được da Mill với các loại da khác? Hôm nay Wada leather sẽ chia sẻ đến bạn đọc những thông tin về da Mill và cách sử dụng da Mill một cách tốt nhất.</span><br></p>','<h2 style=\"margin: 20px 0px 10px; padding: 0px; font-family: VNFFutura; line-height: 1.1; color: rgb(68, 74, 89); font-size: 24px; background-color: rgb(255, 255, 255); text-align: justify;\"><span style=\"margin: 0px; padding: 0px; font-weight: 700;\">Da Mill là gì ?</span><span class=\"ez-toc-section-end\" style=\"margin: 0px; padding: 0px;\"></span></h2><p style=\"margin-right: 0px; margin-bottom: 10px; margin-left: 0px; padding: 0px; color: rgb(68, 74, 89); font-family: VNFFutura; font-size: 15px; background-color: rgb(255, 255, 255); text-align: justify;\">Là loại da sáp thuộc được giữ nguyên vân, có chỗ hột, có chỗ không hột. Có thể có vân hoặc không vân. Thông thường, khi sản xuất và thuộc gia lên thì da Mill vẫn giữ tính tự nhiên, hoang dã bao gồm như vết sẹo hoặc vết cắn của côn trùng.</p><p style=\"margin-right: 0px; margin-bottom: 10px; margin-left: 0px; padding: 0px; color: rgb(68, 74, 89); font-family: VNFFutura; font-size: 15px; background-color: rgb(255, 255, 255); text-align: justify;\">Trong trường hợp nếu&nbsp;<span style=\"margin: 0px; padding: 0px; font-weight: 700;\">da Mill</span>&nbsp;có có bề mặt quá xấu sẽ được chuyển qua làm da sáp hoặc nhiều loại&nbsp;<a href=\"https://tamanh.net/da-thuoc.html\" target=\"_blank\" rel=\"noopener noreferrer\" style=\"margin: 0px; padding: 0px; background-image: initial; background-position: initial; background-size: initial; background-repeat: initial; background-attachment: initial; background-origin: initial; background-clip: initial; color: rgb(221, 186, 118);\">da thuộc</a>&nbsp;khác để phù hợp với thị hiếu của người tiêu dùng.</p><p style=\"margin-right: 0px; margin-bottom: 10px; margin-left: 0px; padding: 0px; color: rgb(68, 74, 89); font-family: VNFFutura; font-size: 15px; background-color: rgb(255, 255, 255);\"><img loading=\"lazy\" class=\"aligncenter wp-image-144350 size-full\" title=\"Da mill\" src=\"https://tamanh.net/wp-content/uploads/2021/02/da-mill.jpg\" alt=\"Da mill\" width=\"800\" height=\"800\" style=\"margin: 10px auto; padding: 0px; border: 0px; max-width: 100%; max-height: 100%; height: auto; width: auto; clear: both; display: table;\"></p><h2 style=\"margin: 20px 0px 10px; padding: 0px; font-family: VNFFutura; line-height: 1.1; color: rgb(68, 74, 89); font-size: 24px; background-color: rgb(255, 255, 255); text-align: justify;\"><span class=\"ez-toc-section\" id=\"Dac_diem_cua_da_Mill\" style=\"margin: 0px; padding: 0px;\"></span><span style=\"margin: 0px; padding: 0px; font-weight: 700;\">Đặc điểm của da Mill</span><span class=\"ez-toc-section-end\" style=\"margin: 0px; padding: 0px;\"></span></h2><p style=\"margin-right: 0px; margin-bottom: 10px; margin-left: 0px; padding: 0px; color: rgb(68, 74, 89); font-family: VNFFutura; font-size: 15px; background-color: rgb(255, 255, 255); text-align: justify;\"><a href=\"https://tamanh.net/da-mill.html\" style=\"margin: 0px; padding: 0px; background-image: initial; background-position: initial; background-size: initial; background-repeat: initial; background-attachment: initial; background-origin: initial; background-clip: initial; color: rgb(221, 186, 118);\">Da Mill</a>&nbsp;có đầy đủ những đặc điểm của dòng da Sáp: bền, mịn. Với bề mặt da mềm mịn, nổi bật bởi những vân hạt nhỏ tạo cảm giác tuyệt vời khi sờ và là điểm nhấn cho sản phẩm trên thị trường thời trang.</p><p style=\"margin-right: 0px; margin-bottom: 10px; margin-left: 0px; padding: 0px; color: rgb(68, 74, 89); font-family: VNFFutura; font-size: 15px; background-color: rgb(255, 255, 255); text-align: justify;\">Có thể nói, cùng Da Mill là một trong những loại da tốt nhất, thịnh hành nhất và cũng hợp thời trang nhất trong thế giới đồ da hiện nay.</p><h2 style=\"margin: 20px 0px 10px; padding: 0px; font-family: VNFFutura; line-height: 1.1; color: rgb(68, 74, 89); font-size: 24px; background-color: rgb(255, 255, 255); text-align: justify;\"><span class=\"ez-toc-section\" id=\"Phan_loai_da_Mill\" style=\"margin: 0px; padding: 0px;\"></span><span style=\"margin: 0px; padding: 0px; font-weight: 700;\">Phân loại da Mill</span><span class=\"ez-toc-section-end\" style=\"margin: 0px; padding: 0px;\"></span></h2><p style=\"margin-right: 0px; margin-bottom: 10px; margin-left: 0px; padding: 0px; color: rgb(68, 74, 89); font-family: VNFFutura; font-size: 15px; background-color: rgb(255, 255, 255); text-align: justify;\">Hiện nay Da Mill được chia làm 2 loại:</p><h3 style=\"margin: 20px 0px 10px; padding: 0px; font-family: VNFFutura; line-height: 1.1; color: rgb(68, 74, 89); font-size: 20px; background-color: rgb(255, 255, 255); text-align: justify;\"><span class=\"ez-toc-section\" id=\"1_Da_sap_Mill_kho\" style=\"margin: 0px; padding: 0px;\"></span><span style=\"margin: 0px; padding: 0px; font-weight: 700;\">1. Da sáp Mill khô</span><span class=\"ez-toc-section-end\" style=\"margin: 0px; padding: 0px;\"></span></h3><p style=\"margin-right: 0px; margin-bottom: 10px; margin-left: 0px; padding: 0px; color: rgb(68, 74, 89); font-family: VNFFutura; font-size: 15px; background-color: rgb(255, 255, 255); text-align: justify;\">Bề mặt da láng bóng hơn, mình da nhẹ hơn, lượng sáp ít, độ trầy xước thấp hơn sáp ướt, màu sắc của da sáp khô cũng không tươi</p><h3 style=\"margin: 20px 0px 10px; padding: 0px; font-family: VNFFutura; line-height: 1.1; color: rgb(68, 74, 89); font-size: 20px; background-color: rgb(255, 255, 255); text-align: justify;\"><span class=\"ez-toc-section\" id=\"2_Da_sap_Mill_uot\" style=\"margin: 0px; padding: 0px;\"></span><span style=\"margin: 0px; padding: 0px; font-weight: 700;\">2. Da sáp Mill ướt</span><span class=\"ez-toc-section-end\" style=\"margin: 0px; padding: 0px;\"></span></h3><p style=\"margin-right: 0px; margin-bottom: 10px; margin-left: 0px; padding: 0px; color: rgb(68, 74, 89); font-family: VNFFutura; font-size: 15px; background-color: rgb(255, 255, 255); text-align: justify;\">Bề mặt da nhờn rít, mình da nặng, lượng sáp nhiều nên đặc biệt dễ trầy xước, màu sắc của da sáp ướt thường đậm và tươi.</p><h2 style=\"margin: 20px 0px 10px; padding: 0px; font-family: VNFFutura; line-height: 1.1; color: rgb(68, 74, 89); font-size: 24px; background-color: rgb(255, 255, 255); text-align: justify;\"><span class=\"ez-toc-section\" id=\"Uu_diem_va_nhuoc_diem_cua_da_sap_Mill\" style=\"margin: 0px; padding: 0px;\"></span><span style=\"margin: 0px; padding: 0px; font-weight: 700;\">Ưu điểm và nhược điểm của da sáp Mill</span><span class=\"ez-toc-section-end\" style=\"margin: 0px; padding: 0px;\"></span></h2><h3 style=\"margin: 20px 0px 10px; padding: 0px; font-family: VNFFutura; line-height: 1.1; color: rgb(68, 74, 89); font-size: 20px; background-color: rgb(255, 255, 255); text-align: justify;\"><span class=\"ez-toc-section\" id=\"1_Uu_diem\" style=\"margin: 0px; padding: 0px;\"></span><span style=\"margin: 0px; padding: 0px; font-weight: 700;\">1. Ưu điểm</span><span class=\"ez-toc-section-end\" style=\"margin: 0px; padding: 0px;\"></span></h3><p style=\"margin-right: 0px; margin-bottom: 10px; margin-left: 0px; padding: 0px; color: rgb(68, 74, 89); font-family: VNFFutura; font-size: 15px; background-color: rgb(255, 255, 255); text-align: justify;\">Da sáp Mill luôn có một hình ảnh rất bụi bặm và cá tính, luôn đem đến cái chất riêng trong từng sản phẩm để người tiêu dùng luôn phải nhớ đến nó.</p><p style=\"margin-right: 0px; margin-bottom: 10px; margin-left: 0px; padding: 0px; color: rgb(68, 74, 89); font-family: VNFFutura; font-size: 15px; background-color: rgb(255, 255, 255); text-align: justify;\">Da sáp Mill có độ bền bề mặt của da cao, càng trầy càng đẹp, sản phẩm chịu được va đập thoải mái không sợ xấu đi trong một thời gian dài sử dụng.</p><p style=\"margin-right: 0px; margin-bottom: 10px; margin-left: 0px; padding: 0px; color: rgb(68, 74, 89); font-family: VNFFutura; font-size: 15px; background-color: rgb(255, 255, 255); text-align: justify;\">Da sáp Mill có hiệu ứng “lên nước” rất rõ, vì da có độ nhám cao, dễ trầy nên để lại nhiều vệt, sau khi lên nước sẽ bóng hơn, nhìn sẽ giống như đồ cổ.</p><h3 style=\"margin: 20px 0px 10px; padding: 0px; font-family: VNFFutura; line-height: 1.1; color: rgb(68, 74, 89); font-size: 20px; background-color: rgb(255, 255, 255); text-align: justify;\"><span class=\"ez-toc-section\" id=\"2_Nhuoc_diem\" style=\"margin: 0px; padding: 0px;\"></span><span style=\"margin: 0px; padding: 0px; font-weight: 700;\">2. Nhược điểm</span><span class=\"ez-toc-section-end\" style=\"margin: 0px; padding: 0px;\"></span></h3><p style=\"margin-right: 0px; margin-bottom: 10px; margin-left: 0px; padding: 0px; color: rgb(68, 74, 89); font-family: VNFFutura; font-size: 15px; background-color: rgb(255, 255, 255); text-align: justify;\">Chính vì đặc điểm trầy mà đẹp đó mà nhiều người không thích trầy sẽ không thích da sáp Mill ở điểm này vì khi nhìn vào các vết trầy xước thì người dùng sẽ không tự tin khi sử dụng các sản phẩm làm từ da Mill. Da sáp Mill nhìn sẽ cũ hơn các da khác do lớp sáp trên bề mặt da.</p><p style=\"margin-right: 0px; margin-bottom: 10px; margin-left: 0px; padding: 0px; color: rgb(68, 74, 89); font-family: VNFFutura; font-size: 15px; background-color: rgb(255, 255, 255); text-align: justify;\">Da sáp Mill rất dễ bị mốc nếu sử dụng trong môi trường ẩm và không biết cách bảo quản. Da sáp Mill dễ dính màu trên bề mặt áo quần người sử dụng (không ảnh hưởng đến màu sắc sản phẩm) tuy nhiên giặt vẫn ra.</p><p style=\"margin-right: 0px; margin-bottom: 10px; margin-left: 0px; padding: 0px; color: rgb(68, 74, 89); font-family: VNFFutura; font-size: 15px; background-color: rgb(255, 255, 255); text-align: justify;\">Da có chất sáp nên sẽ khó ăn sơn cạnh (lâu dài dễ bong lớp sơn), vì vậy da sáp Mill thường là để nguyên cạnh hoặc đánh gum.</p><p style=\"margin-right: 0px; margin-bottom: 10px; margin-left: 0px; padding: 0px; color: rgb(68, 74, 89); font-family: VNFFutura; font-size: 15px; background-color: rgb(255, 255, 255); text-align: justify;\">Bề mặt da nhám tự nhiên nhưng nó cũng rất nhanh bóng trong quá trình sử dụng hoặc được đánh bóng tuỳ vào con mắt thẩm mỹ của mỗi người tiêu dùng.</p><p style=\"margin-right: 0px; margin-bottom: 10px; margin-left: 0px; padding: 0px; color: rgb(68, 74, 89); font-family: VNFFutura; font-size: 15px; background-color: rgb(255, 255, 255);\"><img loading=\"lazy\" class=\"alignnone size-full wp-image-145726\" src=\"https://tamanh.net/wp-content/uploads/2020/11/icon-link.png\" alt=\"icon chia sẻ đẹp\" width=\"16\" height=\"16\" style=\"margin: 0px; padding: 0px; border: 0px; max-width: 100%; max-height: 100%; height: auto; width: auto;\">&nbsp;Có thể bạn quan tâm:&nbsp;<a href=\"https://tamanh.net/da-crossgrain.html\" target=\"_blank\" rel=\"noopener noreferrer\" style=\"margin: 0px; padding: 0px; background-image: initial; background-position: initial; background-size: initial; background-repeat: initial; background-attachment: initial; background-origin: initial; background-clip: initial; color: rgb(221, 186, 118);\">Da crossgrain</a></p><h2 style=\"margin: 20px 0px 10px; padding: 0px; font-family: VNFFutura; line-height: 1.1; color: rgb(68, 74, 89); font-size: 24px; background-color: rgb(255, 255, 255); text-align: justify;\"><span class=\"ez-toc-section\" id=\"Cach_bao_quan_da_Mill\" style=\"margin: 0px; padding: 0px;\"></span><span style=\"margin: 0px; padding: 0px; font-weight: 700;\">Cách bảo quản da Mill</span><span class=\"ez-toc-section-end\" style=\"margin: 0px; padding: 0px;\"></span></h2><h3 style=\"margin: 20px 0px 10px; padding: 0px; font-family: VNFFutura; line-height: 1.1; color: rgb(68, 74, 89); font-size: 20px; background-color: rgb(255, 255, 255); text-align: justify;\"><span class=\"ez-toc-section\" id=\"1_Bao_quan_Da_sap_Mill_chua_thanh_pham\" style=\"margin: 0px; padding: 0px;\"></span><span style=\"margin: 0px; padding: 0px; font-weight: 700;\">1. Bảo quản Da sáp Mill chưa thành phẩm?</span><span class=\"ez-toc-section-end\" style=\"margin: 0px; padding: 0px;\"></span></h3><p style=\"margin-right: 0px; margin-bottom: 10px; margin-left: 0px; padding: 0px; color: rgb(68, 74, 89); font-family: VNFFutura; font-size: 15px; background-color: rgb(255, 255, 255); text-align: justify;\">Đối với da sáp Mill chưa thành phẩm, chúng ta bảo quản bằng cách để riêng biệt khỏi da sáp cùng loại cũng như da khác, để tránh việc lây màu từ loại da này qua loại da khác, lây sáp từ con da sáp nhiều sang con da sáp ít (hiện tượng thâm da).</p><p style=\"margin-right: 0px; margin-bottom: 10px; margin-left: 0px; padding: 0px; color: rgb(68, 74, 89); font-family: VNFFutura; font-size: 15px; background-color: rgb(255, 255, 255);\">– Thường xuyên mở da sáp Mill ra và dùng khăn sạch (khô) lau chùi bụi bẩn.</p><p style=\"margin-right: 0px; margin-bottom: 10px; margin-left: 0px; padding: 0px; color: rgb(68, 74, 89); font-family: VNFFutura; font-size: 15px; background-color: rgb(255, 255, 255);\">– Để da sáp ở chỗ khô thoáng, tránh ánh nắng trực tiếp, tránh hơi ẩm từ nền đất, tường và bụi bẩn trong không khí.</p><p style=\"margin-right: 0px; margin-bottom: 10px; margin-left: 0px; padding: 0px; color: rgb(68, 74, 89); font-family: VNFFutura; font-size: 15px; background-color: rgb(255, 255, 255);\"><img loading=\"lazy\" class=\"aligncenter wp-image-144351 size-full\" title=\"Cách bảo quản da Mill\" src=\"https://tamanh.net/wp-content/uploads/2021/02/bao-quan-da-mill.jpg\" alt=\"Cách bảo quản da Mill\" width=\"800\" height=\"800\" style=\"margin: 10px auto; padding: 0px; border: 0px; max-width: 100%; max-height: 100%; height: auto; width: auto; clear: both; display: table;\"></p><p style=\"margin-right: 0px; margin-bottom: 10px; margin-left: 0px; padding: 0px; color: rgb(68, 74, 89); font-family: VNFFutura; font-size: 15px; background-color: rgb(255, 255, 255);\">Nếu da bị lên mốc thì bạn hãy dùng nước xịt kính pha loãng ra xịt lên và dùng khăn sạch lau chùi theo đường xoắn ốc ở vị trí đó. Thay đổi khăn khi qua vị trí khác để tránh lây mốc từ các vết bẩn. Sau đó để da khô thoáng tự nhiên không sấy, không phơi nắng (dễ gây khô, giòn da) vì nếu bạn lau chùi qua lâu sẽ dẫn đến hiện tượng khô và giòn da.</p><p style=\"margin-right: 0px; margin-bottom: 10px; margin-left: 0px; padding: 0px; color: rgb(68, 74, 89); font-family: VNFFutura; font-size: 15px; background-color: rgb(255, 255, 255);\">Nếu sản phẩm bị mốc nặng thì phải xử lý cả mặt sau và mặt trước với cách trên nhưng dùng bàn chải riêng cho mặt sau.</p><h3 style=\"margin: 20px 0px 10px; padding: 0px; font-family: VNFFutura; line-height: 1.1; color: rgb(68, 74, 89); font-size: 20px; background-color: rgb(255, 255, 255); text-align: justify;\"><span class=\"ez-toc-section\" id=\"2_Bao_quan_da_sap_Mill_thanh_pham\" style=\"margin: 0px; padding: 0px;\"></span><span style=\"margin: 0px; padding: 0px; font-weight: 700;\">2. Bảo quản da sáp Mill thành phẩm?</span><span class=\"ez-toc-section-end\" style=\"margin: 0px; padding: 0px;\"></span></h3><p style=\"margin-right: 0px; margin-bottom: 10px; margin-left: 0px; padding: 0px; color: rgb(68, 74, 89); font-family: VNFFutura; font-size: 15px; background-color: rgb(255, 255, 255); text-align: justify;\">Bảo quản da sáp Mill thành phẩm về cơ bản giống như da sáp Mill chưa thành phẩm.</p><p style=\"margin-right: 0px; margin-bottom: 10px; margin-left: 0px; padding: 0px; color: rgb(68, 74, 89); font-family: VNFFutura; font-size: 15px; background-color: rgb(255, 255, 255);\">Nhưng với thành phẩm thì bạn nên nhồi giấy báo đã bóp mềm vào bên trong để hút ẩm, giữ form dáng của sản phẩm.</p><p style=\"margin-right: 0px; margin-bottom: 10px; margin-left: 0px; padding: 0px; color: rgb(68, 74, 89); font-family: VNFFutura; font-size: 15px; background-color: rgb(255, 255, 255);\">Hạn chế sử dụng sản phẩm làm từ&nbsp;<span style=\"margin: 0px; padding: 0px; font-weight: 700;\">da Mill</span>&nbsp;sử dụng khi trời mưa, hay dính nước vào sản phẩm, nếu bị ướt cần được lau khô và phơi thoáng trong nhà để tránh bị mốc.</p><p style=\"margin-right: 0px; margin-bottom: 10px; margin-left: 0px; padding: 0px; color: rgb(68, 74, 89); font-family: VNFFutura; font-size: 15px; background-color: rgb(255, 255, 255);\">Thường xuyên vệ sinh, lau chùi định kỳ để đảm bảo da không bị mốc.</p><h2 style=\"margin: 20px 0px 10px; padding: 0px; font-family: VNFFutura; line-height: 1.1; color: rgb(68, 74, 89); font-size: 24px; background-color: rgb(255, 255, 255); text-align: justify;\"><span class=\"ez-toc-section\" id=\"Cach_nhan_biet_da_Mill\" style=\"margin: 0px; padding: 0px;\"></span><span style=\"margin: 0px; padding: 0px; font-weight: 700;\">Cách nhận biết da Mill</span><span class=\"ez-toc-section-end\" style=\"margin: 0px; padding: 0px;\"></span></h2><p style=\"margin-right: 0px; margin-bottom: 10px; margin-left: 0px; padding: 0px; color: rgb(68, 74, 89); font-family: VNFFutura; font-size: 15px; background-color: rgb(255, 255, 255); text-align: justify;\">Quan sát tổng thể trên bề mặt sẽ thấy sáp mill có các lớp vân phân bố không đều vì nó là loại chọn lọc tự nhiên, một số phần da ở nách, bụng, cổ… rất ít vân hoặc không có .</p><p style=\"margin-right: 0px; margin-bottom: 10px; margin-left: 0px; padding: 0px; color: rgb(68, 74, 89); font-family: VNFFutura; font-size: 15px; background-color: rgb(255, 255, 255); text-align: justify;\">Sáp ướt với đặc trưng bề mặt nhờn rít, thành phần sáp nhiều hơn da nên cầm nặng tay, dễ bị trầy xước, màu sắc đậm nhưng tươi tắn.</p><p style=\"margin-right: 0px; margin-bottom: 10px; margin-left: 0px; padding: 0px; color: rgb(68, 74, 89); font-family: VNFFutura; font-size: 15px; background-color: rgb(255, 255, 255); text-align: justify;\">Sáp khô với thành phần sáp ít nên nhẹ hơn sáp ướt. Bề mặt láng mịn, ít bị trầy xước, màu sắc trầm hơn và khá đa dạng.</p><h2 style=\"margin: 20px 0px 10px; padding: 0px; font-family: VNFFutura; line-height: 1.1; color: rgb(68, 74, 89); font-size: 24px; background-color: rgb(255, 255, 255); text-align: justify;\"><span class=\"ez-toc-section\" id=\"Loi_ket\" style=\"margin: 0px; padding: 0px;\"></span><span style=\"margin: 0px; padding: 0px; font-weight: 700;\">Lời kết</span><span class=\"ez-toc-section-end\" style=\"margin: 0px; padding: 0px;\"></span></h2><p style=\"margin-right: 0px; margin-bottom: 10px; margin-left: 0px; padding: 0px; color: rgb(68, 74, 89); font-family: VNFFutura; font-size: 15px; background-color: rgb(255, 255, 255); text-align: justify;\">Hy vọng với những thông tin trên đây của Wada leather&nbsp;đã giúp bạn phần nào hiểu hơn về da Mill và lựa chọn những sản phẩm phù hợp với mình nhất. Nếu bạn muốn sở hữu một đôi giày da “chất lượng” thì mời bạn ghé Wada leather, một trong những địa chỉ uy tín chuyên cung cấp sản phẩm đồ da cho nam giới.</p><p style=\"margin-right: 0px; margin-bottom: 10px; margin-left: 0px; padding: 0px; color: rgb(68, 74, 89); font-family: VNFFutura; font-size: 15px; background-color: rgb(255, 255, 255); text-align: justify;\">Wada leather đã nhận được sự ủng hộ mạnh mẽ từ các quý ông nên bạn có thể hoàn toàn yên tâm khi đặt mua các sản phẩm ở đây.</p>',8,'2021-04-21 17:11:57',NULL,NULL,NULL,1,17,'phan-biet-nhan-biet-va-uu-iem-cua-da-mill-1618999916577'),(13,'Cách xử lý ví da bị xước tại nhà đẹp như mới','blog/avatar/xu-ly-vi-da-bi-xuoc-rach.jpg','<p style=\"margin-right: 0px; margin-bottom: 10px; margin-left: 0px; padding: 0px; color: rgb(68, 74, 89); font-family: VNFFutura; font-size: 15px; background-color: rgb(255, 255, 255); text-align: justify;\">Các đồ dùng làm từ da luôn có sức hấp dẫn mãnh liệt đối với mỗi chúng ta. Các đồ da đồng hành cùng ta mỗi ngày như ví, thắt lưng, áo da, giày, túi xách…đều mang đến vẻ đẹp sang trọng cùng đẳng cấp nhất định cho chủ nhân. Các món đồ da rất đẹp, nhưng lại đòi hỏi quá trình vệ sinh bảo dưỡng khắt khe. Nếu bạn sử dụng và bảo quản không đúng cách có thể gây nên các hiện tượng đồ da bị nổ, bị mốc, bị trầy xước hư hỏng gây mất thẩm mỹ và giảm giá trị sản phẩm.</p><p style=\"margin-right: 0px; margin-bottom: 10px; margin-left: 0px; padding: 0px; color: rgb(68, 74, 89); font-family: VNFFutura; font-size: 15px; background-color: rgb(255, 255, 255); text-align: justify;\">Hiểu được điều đó,&nbsp;<a href=\"https://tamanh.net/\" target=\"_blank\" rel=\"noopener noreferrer\" style=\"margin: 0px; padding: 0px; background-image: initial; background-position: initial; background-size: initial; background-repeat: initial; background-attachment: initial; background-origin: initial; background-clip: initial; color: rgb(221, 186, 118);\">Tâm Anh</a>&nbsp;xin giới thiệu những cách làm sạch túi da dưới đây, giúp chiếc túi của bạn lúc nào cũng sáng bóng mà không còn phải lo lắng mỗi khi bị vết bẩn dính vào.</p>','<h2 style=\"margin: 20px 0px 10px; padding: 0px; font-family: VNFFutura; line-height: 1.1; color: rgb(68, 74, 89); font-size: 24px; background-color: rgb(255, 255, 255); text-align: justify;\"><span style=\"margin: 0px; padding: 0px; font-weight: 700;\">Nguyên nhân khiến đồ da bị xước</span><span class=\"ez-toc-section-end\" style=\"margin: 0px; padding: 0px;\"></span></h2><p style=\"margin-right: 0px; margin-bottom: 10px; margin-left: 0px; padding: 0px; color: rgb(68, 74, 89); font-family: VNFFutura; font-size: 15px; background-color: rgb(255, 255, 255); text-align: justify;\">Các món đồ da như quần áo da, túi xách, ghế da, sofa…bị trầy xước do đâu? Bạn đã biết nguyên nhân thực sự hay chưa?</p><p style=\"margin-right: 0px; margin-bottom: 10px; margin-left: 0px; padding: 0px; color: rgb(68, 74, 89); font-family: VNFFutura; font-size: 15px; background-color: rgb(255, 255, 255); text-align: justify;\">– Một trong những lý do rất đơn giản khiến đồ da trầy xước là do sau quá trình sử dụng lâu, chất da không được bảo dưỡng cẩn thận nên độ bền giảm, dễ bị trầy xước vì va chạm nhẹ.</p><p style=\"margin-right: 0px; margin-bottom: 10px; margin-left: 0px; padding: 0px; color: rgb(68, 74, 89); font-family: VNFFutura; font-size: 15px; background-color: rgb(255, 255, 255); text-align: justify;\">– Trẻ em hiếu động, tinh nghịch, trong lúc vui chơi vô tình cầm vật nhọn làm trầy xước bề mặt da.</p><p style=\"margin-right: 0px; margin-bottom: 10px; margin-left: 0px; padding: 0px; color: rgb(68, 74, 89); font-family: VNFFutura; font-size: 15px; background-color: rgb(255, 255, 255); text-align: justify;\">– Hoặc do móng tay bạn vô tình quệt ngang đồ da.</p><p style=\"margin-right: 0px; margin-bottom: 10px; margin-left: 0px; padding: 0px; color: rgb(68, 74, 89); font-family: VNFFutura; font-size: 15px; background-color: rgb(255, 255, 255); text-align: justify;\">– Việc chà sát đồ da với các đồ vật khác cũng có thể gây nên những vết trầy xước không mong muốn</p><p style=\"margin-right: 0px; margin-bottom: 10px; margin-left: 0px; padding: 0px; color: rgb(68, 74, 89); font-family: VNFFutura; font-size: 15px; background-color: rgb(255, 255, 255); text-align: justify;\">– Do vật nuôi trong nhà cào xước.</p><h2 style=\"margin: 20px 0px 10px; padding: 0px; font-family: VNFFutura; line-height: 1.1; color: rgb(68, 74, 89); font-size: 24px; background-color: rgb(255, 255, 255); text-align: justify;\"><span class=\"ez-toc-section\" id=\"Cac_cach_danh_bay_vet_tray_xuoc_tren_do_da\" style=\"margin: 0px; padding: 0px;\"></span><span style=\"margin: 0px; padding: 0px; font-weight: 700;\">Các cách đánh bay vết trầy xước trên đồ da</span><span class=\"ez-toc-section-end\" style=\"margin: 0px; padding: 0px;\"></span></h2><h3 style=\"margin: 20px 0px 10px; padding: 0px; font-family: VNFFutura; line-height: 1.1; color: rgb(68, 74, 89); font-size: 20px; background-color: rgb(255, 255, 255); text-align: justify;\"><span class=\"ez-toc-section\" id=\"1_Dieu_can_lam_dau_tien_la_lam_sach_do_da_bi_xuoc\" style=\"margin: 0px; padding: 0px;\"></span><span style=\"margin: 0px; padding: 0px; font-weight: 700;\">1. Điều cần làm đầu tiên là làm sạch đồ da bị xước</span><span class=\"ez-toc-section-end\" style=\"margin: 0px; padding: 0px;\"></span></h3><p style=\"margin-right: 0px; margin-bottom: 10px; margin-left: 0px; padding: 0px; color: rgb(68, 74, 89); font-family: VNFFutura; font-size: 15px; background-color: rgb(255, 255, 255); text-align: justify;\">Trên thị trường hiện nay có bán các loại sáp làm mềm da, sáp làm mịn da, loại bỏ vết xước. Nếu dùng sáp cho cạnh da thì được, chứ dùng sáp trên bề mặt tức là đang hủy hoại tấm da đó.</p><p style=\"margin-right: 0px; margin-bottom: 10px; margin-left: 0px; padding: 0px; color: rgb(68, 74, 89); font-family: VNFFutura; font-size: 15px; background-color: rgb(255, 255, 255); text-align: justify;\">Có bộ sửa chữa đồ da bao gồm những hóa chất dạng lỏng, cùng với thuốc nhuộm da cũng có thể sử dụng.</p><p style=\"margin-right: 0px; margin-bottom: 10px; margin-left: 0px; padding: 0px; color: rgb(68, 74, 89); font-family: VNFFutura; font-size: 15px; background-color: rgb(255, 255, 255);\"><img loading=\"lazy\" class=\"aligncenter wp-image-142590 size-full\" title=\"Làm sạch đồ da bị xước\" src=\"https://tamanh.net/wp-content/uploads/2021/01/lam-sach-do-da-bi-xuoc.jpg\" alt=\"Làm sạch đồ da bị xước\" width=\"600\" height=\"537\" style=\"margin: 10px auto; padding: 0px; border: 0px; max-width: 100%; max-height: 100%; height: auto; width: auto; clear: both; display: table;\"></p><h3 style=\"margin: 20px 0px 10px; padding: 0px; font-family: VNFFutura; line-height: 1.1; color: rgb(68, 74, 89); font-size: 20px; background-color: rgb(255, 255, 255); text-align: justify;\"><span class=\"ez-toc-section\" id=\"2_Khac_phuc_be_mat_do_da_bi_tray_xuoc_nhe\" style=\"margin: 0px; padding: 0px;\"></span><span style=\"margin: 0px; padding: 0px; font-weight: 700;\">2. Khắc phục bề mặt đồ da bị trầy xước nhẹ</span><span class=\"ez-toc-section-end\" style=\"margin: 0px; padding: 0px;\"></span></h3><h4 style=\"margin: 10px 0px; padding: 0px; font-family: VNFFutura; line-height: 1.1; color: rgb(68, 74, 89); font-size: 18px; background-color: rgb(255, 255, 255); text-align: justify;\"><span class=\"ez-toc-section\" id=\"Cach_1_Su_dung_dau_thuc_vat_lam_mo_vet_xuoc_tren_tui_da\" style=\"margin: 0px; padding: 0px;\"></span><span style=\"margin: 0px; padding: 0px; font-weight: 700;\">Cách 1. Sử dụng dầu thực vật làm mờ vết xước trên túi da.</span><span class=\"ez-toc-section-end\" style=\"margin: 0px; padding: 0px;\"></span></h4><p style=\"margin-right: 0px; margin-bottom: 10px; margin-left: 0px; padding: 0px; color: rgb(68, 74, 89); font-family: VNFFutura; font-size: 15px; background-color: rgb(255, 255, 255); text-align: justify;\">– Dùng một chiếc giẻ cotton nhúng vào dầu olive</p><p style=\"margin-right: 0px; margin-bottom: 10px; margin-left: 0px; padding: 0px; color: rgb(68, 74, 89); font-family: VNFFutura; font-size: 15px; background-color: rgb(255, 255, 255); text-align: justify;\">– Dùng giẻ này để chùi nhẹ lên phần da bị xước và cả khu vực xung quanh</p><p style=\"margin-right: 0px; margin-bottom: 10px; margin-left: 0px; padding: 0px; color: rgb(68, 74, 89); font-family: VNFFutura; font-size: 15px; background-color: rgb(255, 255, 255); text-align: justify;\">– Để món đồ của bạn khô tự nhiên và đón nhận thành quả.</p><p style=\"margin-right: 0px; margin-bottom: 10px; margin-left: 0px; padding: 0px; color: rgb(68, 74, 89); font-family: VNFFutura; font-size: 15px; background-color: rgb(255, 255, 255); text-align: justify;\"><span style=\"margin: 0px; padding: 0px; font-weight: 700;\">Trong trường hợp vết xước vẫn còn hãy làm theo cách sau:</span></p><p style=\"margin-right: 0px; margin-bottom: 10px; margin-left: 0px; padding: 0px; color: rgb(68, 74, 89); font-family: VNFFutura; font-size: 15px; background-color: rgb(255, 255, 255); text-align: justify;\">– Nhỏ vài giọt dầu olive trực tiếp lên vết xước</p><p style=\"margin-right: 0px; margin-bottom: 10px; margin-left: 0px; padding: 0px; color: rgb(68, 74, 89); font-family: VNFFutura; font-size: 15px; background-color: rgb(255, 255, 255); text-align: justify;\">– Dùng một chiếc giẻ sạch nhúng vào nước và vắt để loại bỏ phần nước thừa</p><p style=\"margin-right: 0px; margin-bottom: 10px; margin-left: 0px; padding: 0px; color: rgb(68, 74, 89); font-family: VNFFutura; font-size: 15px; background-color: rgb(255, 255, 255); text-align: justify;\">– Phủ chiếc giẻ lên vị trí vết xước;</p><p style=\"margin-right: 0px; margin-bottom: 10px; margin-left: 0px; padding: 0px; color: rgb(68, 74, 89); font-family: VNFFutura; font-size: 15px; background-color: rgb(255, 255, 255); text-align: justify;\">– Dùng một chiếc bàn là đã bật nóng đặt trực tiếp lên chiếc giẻ này trong vài giây.</p><p style=\"margin-right: 0px; margin-bottom: 10px; margin-left: 0px; padding: 0px; color: rgb(68, 74, 89); font-family: VNFFutura; font-size: 15px; background-color: rgb(255, 255, 255); text-align: justify;\">– Dùng bông ngoáy tai phủ một ít xi đánh giày lên vị trí da bị xước.</p><p style=\"margin-right: 0px; margin-bottom: 10px; margin-left: 0px; padding: 0px; color: rgb(68, 74, 89); font-family: VNFFutura; font-size: 15px; background-color: rgb(255, 255, 255); text-align: justify;\">– Cuối cùng bạn có thể loại bỏ phần xi thừa với bọt biển.</p><h4 style=\"margin: 10px 0px; padding: 0px; font-family: VNFFutura; line-height: 1.1; color: rgb(68, 74, 89); font-size: 18px; background-color: rgb(255, 255, 255); text-align: justify;\"><span class=\"ez-toc-section\" id=\"Cach_2_Su_dung_son_mong_tay_xoa_vet_xuoc_tren_vi_da\" style=\"margin: 0px; padding: 0px;\"></span><span style=\"margin: 0px; padding: 0px; font-weight: 700;\">Cách 2: Sử dụng sơn móng tay xóa vết xước trên ví da</span><span class=\"ez-toc-section-end\" style=\"margin: 0px; padding: 0px;\"></span></h4><p style=\"margin-right: 0px; margin-bottom: 10px; margin-left: 0px; padding: 0px; color: rgb(68, 74, 89); font-family: VNFFutura; font-size: 15px; background-color: rgb(255, 255, 255); text-align: justify;\">– Chuẩn bị một tô nước ấm và nhỏ vào đó vài giọt dung dịch tẩy rửa</p><p style=\"margin-right: 0px; margin-bottom: 10px; margin-left: 0px; padding: 0px; color: rgb(68, 74, 89); font-family: VNFFutura; font-size: 15px; background-color: rgb(255, 255, 255); text-align: justify;\">– Dùng giẻ cotton sạch nhúng vào tô nước đã chuẩn bị rồi phủ lên vị trí da bị xước trong 5 phút</p><p style=\"margin-right: 0px; margin-bottom: 10px; margin-left: 0px; padding: 0px; color: rgb(68, 74, 89); font-family: VNFFutura; font-size: 15px; background-color: rgb(255, 255, 255); text-align: justify;\">– Dùng một chiếc giẻ khác để lau khô bề mặt da</p><p style=\"margin-right: 0px; margin-bottom: 10px; margin-left: 0px; padding: 0px; color: rgb(68, 74, 89); font-family: VNFFutura; font-size: 15px; background-color: rgb(255, 255, 255); text-align: justify;\">– Quét một lớp mỏng sơn móng tay trong suốt lên vị trí vết xước và món đồ của bạn sẽ được “hồi sinh”.</p><h4 style=\"margin: 10px 0px; padding: 0px; font-family: VNFFutura; line-height: 1.1; color: rgb(68, 74, 89); font-size: 18px; background-color: rgb(255, 255, 255); text-align: justify;\"><span class=\"ez-toc-section\" id=\"Cach_3_Dung_kem_Lanolin_xu_ly_vet_xuoc_sau_tren_tui_da\" style=\"margin: 0px; padding: 0px;\"></span><span style=\"margin: 0px; padding: 0px; font-weight: 700;\">Cách 3: Dùng kem Lanolin xử lý vết xước sâu trên túi da</span><span class=\"ez-toc-section-end\" style=\"margin: 0px; padding: 0px;\"></span></h4><p style=\"margin-right: 0px; margin-bottom: 10px; margin-left: 0px; padding: 0px; color: rgb(68, 74, 89); font-family: VNFFutura; font-size: 15px; background-color: rgb(255, 255, 255); text-align: justify;\">Nếu chiếc túi của bạn đang bị những vết xước sâu không thể làm mờ đi bằng những phương pháp tự nhiên thì hãy dùng kem lanolin tinh khiết. Lấy một lượng kem vừa đủ thoa đều lên bề mặt túi da bị xước sau đó dùng một miếng vải mềm chà dọc theo vết xước. Ngoài tác dụng làm mờ các vết xước sâu còn có công dụng bảo vệ bề mặt da của chiếc túi xách nam.</p><p style=\"margin-right: 0px; margin-bottom: 10px; margin-left: 0px; padding: 0px; color: rgb(68, 74, 89); font-family: VNFFutura; font-size: 15px; background-color: rgb(255, 255, 255); text-align: justify;\">Khi sử dụng biện pháp này bạn hãy lưu ý một điều kem lanolin có thể làm tối màu vùng da tiếp xúc với kem. Nên thay vì bạn thoa một vị trí nhất định tại vùng xước thì hãy thoa đều toàn bộ chiếc túi xách.</p><h4 style=\"margin: 10px 0px; padding: 0px; font-family: VNFFutura; line-height: 1.1; color: rgb(68, 74, 89); font-size: 18px; background-color: rgb(255, 255, 255); text-align: justify;\"><span class=\"ez-toc-section\" id=\"Cach_4_Dung_kem_danh_rang_de_loai_bo_vet_xuoc\" style=\"margin: 0px; padding: 0px;\"></span><span style=\"margin: 0px; padding: 0px; font-weight: 700;\">Cách 4: Dùng kem đánh răng để loại bỏ vết xước</span><span class=\"ez-toc-section-end\" style=\"margin: 0px; padding: 0px;\"></span></h4><p style=\"margin-right: 0px; margin-bottom: 10px; margin-left: 0px; padding: 0px; color: rgb(68, 74, 89); font-family: VNFFutura; font-size: 15px; background-color: rgb(255, 255, 255); text-align: justify;\">– Lấy một ít kem đánh răng vào khăn cotton mềm</p><p style=\"margin-right: 0px; margin-bottom: 10px; margin-left: 0px; padding: 0px; color: rgb(68, 74, 89); font-family: VNFFutura; font-size: 15px; background-color: rgb(255, 255, 255); text-align: justify;\">– Thoa đều kem đánh răng lên giày theo chuyển động xoay tròn</p><p style=\"margin-right: 0px; margin-bottom: 10px; margin-left: 0px; padding: 0px; color: rgb(68, 74, 89); font-family: VNFFutura; font-size: 15px; background-color: rgb(255, 255, 255); text-align: justify;\">– Dùng bàn chải đánh giày và đánh nhẹ lên toàn bộ bề mặt đã phủ kem đánh răng trước đó</p><p style=\"margin-right: 0px; margin-bottom: 10px; margin-left: 0px; padding: 0px; color: rgb(68, 74, 89); font-family: VNFFutura; font-size: 15px; background-color: rgb(255, 255, 255); text-align: justify;\">– Cuối cùng, dùng một chiếc khăn mềm khác để lâu sạch kem đánh răng trên chiếc giày của bạn.</p><h4 style=\"margin: 10px 0px; padding: 0px; font-family: VNFFutura; line-height: 1.1; color: rgb(68, 74, 89); font-size: 18px; background-color: rgb(255, 255, 255); text-align: justify;\"><span class=\"ez-toc-section\" id=\"Ngoai_ra_ban_co_the_dung_mot_so_cach_sau_de_xu_ly_vet_xuoc\" style=\"margin: 0px; padding: 0px;\"></span><span style=\"margin: 0px; padding: 0px; font-weight: 700;\">Ngoài ra bạn có thể dùng một số cách sau để xử lý vết xước</span><span class=\"ez-toc-section-end\" style=\"margin: 0px; padding: 0px;\"></span></h4><p style=\"margin-right: 0px; margin-bottom: 10px; margin-left: 0px; padding: 0px; color: rgb(68, 74, 89); font-family: VNFFutura; font-size: 15px; background-color: rgb(255, 255, 255); text-align: justify;\">Dùng chất keo sửa chữa đồ da. Sử dụng một tấm trong dạng bọt biển, nhẹ nhàng bôi một lớp chất kết dính da mỏng (chất lỏng chảy bám vào các sợi da và liên kết chúng lại với nhau) trên toàn bộ bề mặt da bị trầy xước. Để cho nó khô đi một chút. Lặp lại quy trình trong vòng 3-5 lần, hoặc cho đến khi hài lòng với mắt nhìn. Loại bỏ chất keo kết dính dư thừa nào thấy không cần thiết.</p><p style=\"margin-right: 0px; margin-bottom: 10px; margin-left: 0px; padding: 0px; color: rgb(68, 74, 89); font-family: VNFFutura; font-size: 15px; background-color: rgb(255, 255, 255); text-align: justify;\">Dùng tấm trong dạng bọt biển. Bôi một lớp mỏng chất nhuộm dạng lỏng có cấu kết đồng nhất và làm từ da, có màu sắc tương đồng. Áp một lớp mỏng lên da, tập trung vào những vùng khó tiếp cận như nếp nhăn, vết nứt, và các đường nối. Chờ 30 phút để chất nhuộm được khô. Lắc thuốc nhuộm để đảm bảo trộn đều trước khi sử dụng.</p><h3 style=\"margin: 20px 0px 10px; padding: 0px; font-family: VNFFutura; line-height: 1.1; color: rgb(68, 74, 89); font-size: 20px; background-color: rgb(255, 255, 255); text-align: justify;\"><span class=\"ez-toc-section\" id=\"3_Khac_phuc_be_mat_da_bi_vet_cao_hoac_rach_nho\" style=\"margin: 0px; padding: 0px;\"></span><span style=\"margin: 0px; padding: 0px; font-weight: 700;\">3. Khắc phục bề mặt da bị vết cào hoặc rách nhỏ</span><span class=\"ez-toc-section-end\" style=\"margin: 0px; padding: 0px;\"></span></h3><p style=\"margin-right: 0px; margin-bottom: 10px; margin-left: 0px; padding: 0px; color: rgb(68, 74, 89); font-family: VNFFutura; font-size: 15px; background-color: rgb(255, 255, 255); text-align: justify;\">Dùng một lượng nhỏ giấm trắng chấm vào đầu bông gòn thoa đều vào vị trí bị trầy xước. Dấm sẽ sùi lên vùng trầy xước giống như các sợi collagen. Để khô, sau đó nhẹ nhàng đánh bóng bằng chất đánh bóng giày không màu.</p><p style=\"margin-right: 0px; margin-bottom: 10px; margin-left: 0px; padding: 0px; color: rgb(68, 74, 89); font-family: VNFFutura; font-size: 15px; background-color: rgb(255, 255, 255); text-align: justify;\">Sử dụng vải ẩm ướt có thấm dầu ô liu, chà xát dầu vào vùng bị xước và khu vực xung quanh bằng cách di chuyển và đánh bóng, biện pháp này sẽ tăng độ bóng đẹp cho da, nên sử dụng ít dầu, vì nó có thể làm hỏng da theo thời gian nếu sử dụng quá mức.</p><p style=\"margin-right: 0px; margin-bottom: 10px; margin-left: 0px; padding: 0px; color: rgb(68, 74, 89); font-family: VNFFutura; font-size: 15px; background-color: rgb(255, 255, 255); text-align: justify;\">Sử dụng máy sấy. Nhiệt độ cao có thể không tốt đối với da, nhưng nhiệt độ được kiểm soát ở mức vừa và nhỏ nó có thể có lợi. Đưa máy sấy tóc đến khu vực trầy xước, thoa dầu bóng vào khu vực đấy. Nhiệt độ của máy sấy có thể giúp thuốc nhuộm bám chặt hơn và làm bóng khu vực trầy xước giúp trông đẹp hơn.</p><p style=\"margin-right: 0px; margin-bottom: 10px; margin-left: 0px; padding: 0px; color: rgb(68, 74, 89); font-family: VNFFutura; font-size: 15px; background-color: rgb(255, 255, 255); text-align: justify;\">Xử lý da bằng chất phun tạo dưỡng ẩm và làm bóng da định kỳ khoảng 3 tháng một lần. Giữ đồ da xa tránh xa nước và không sấy khô với nhiệt độ.</p><h3 style=\"margin: 20px 0px 10px; padding: 0px; font-family: VNFFutura; line-height: 1.1; color: rgb(68, 74, 89); font-size: 20px; background-color: rgb(255, 255, 255); text-align: justify;\"><span class=\"ez-toc-section\" id=\"4_Sua_chua_hoac_chen_them_neu_da_bi_rach_dien_rong\" style=\"margin: 0px; padding: 0px;\"></span><span style=\"margin: 0px; padding: 0px; font-weight: 700;\">4. Sửa chữa hoặc chèn thêm nếu da bị rách diện rộng</span><span class=\"ez-toc-section-end\" style=\"margin: 0px; padding: 0px;\"></span></h3><p style=\"margin-right: 0px; margin-bottom: 10px; margin-left: 0px; padding: 0px; color: rgb(68, 74, 89); font-family: VNFFutura; font-size: 15px; background-color: rgb(255, 255, 255); text-align: justify;\">– Dùng một miếng da phụ trợ hoặc cắt một tấm da phụ trợ tận dụng hoặc tấm vải mềm nhưng phải chắc chắn. Tấm da phụ trợ hoặc vải phải lớn hơn khu vực da bị rách; bo tròn các góc để chèn dễ dàng hơn và sử dụng đồ hỗ trợ để chèn như hình. Chỉnh chu cho vết rách và tấm chèn ngay ngắn và đều.</p><p style=\"margin-right: 0px; margin-bottom: 10px; margin-left: 0px; padding: 0px; color: rgb(68, 74, 89); font-family: VNFFutura; font-size: 15px; background-color: rgb(255, 255, 255); text-align: justify;\">– Dùng keo dán đồ da. Đầu tiên lật tấm da bị rách một phần lên và giữ cố định, tiến hành dán keo tấm da phụ (hoặc vải) mới thêm ở bước trên dính chặt vào các vùng da xung quanh – dán mặt dưới của tấm da chính(đồ da) với mặt trên của tấm da phụ (hoặc tấm vải) với nhau. Sau khi hoàn thành bước này, bôi keo lên mặt trên tấm da phụ(hoặc vải) và mặt dưới của tấm da bị rách và ép chặt tấm da đó xuống tấm da phụ(hoặc vải). Dùng một ít rượu khéo léo lau phần keo thừa trồi lên trên mặt đồ da.</p><p style=\"margin-right: 0px; margin-bottom: 10px; margin-left: 0px; padding: 0px; color: rgb(68, 74, 89); font-family: VNFFutura; font-size: 15px; background-color: rgb(255, 255, 255); text-align: justify;\">– Lặp lại bước xử lý tương tự như da bị trầy xước nhẹ ở trên để xử lý vị trí tiếp giáp. Biện pháp này giúp nhuộm bề mặt da và xử lý thẩm mỹ để khôi phục vẻ tự nhiên vốn có của đồ da.</p><h2 style=\"margin: 20px 0px 10px; padding: 0px; font-family: VNFFutura; line-height: 1.1; color: rgb(68, 74, 89); font-size: 24px; background-color: rgb(255, 255, 255); text-align: justify;\"><span class=\"ez-toc-section\" id=\"Lam_the_nao_de_giu_cac_mon_do_lam_tu_da_luon_dep_bong_ben_lau\" style=\"margin: 0px; padding: 0px;\"></span><span style=\"margin: 0px; padding: 0px; font-weight: 700;\">Làm thế nào để giữ các món đồ làm từ da luôn đẹp bóng bền lâu?</span><span class=\"ez-toc-section-end\" style=\"margin: 0px; padding: 0px;\"></span></h2><p style=\"margin-right: 0px; margin-bottom: 10px; margin-left: 0px; padding: 0px; color: rgb(68, 74, 89); font-family: VNFFutura; font-size: 15px; background-color: rgb(255, 255, 255); text-align: justify;\">– Không để các vật nhọn sắc gần ghế da, sofa da cao cấp. Hoặc các món đồ nội thất làm từ da.</p><p style=\"margin-right: 0px; margin-bottom: 10px; margin-left: 0px; padding: 0px; color: rgb(68, 74, 89); font-family: VNFFutura; font-size: 15px; background-color: rgb(255, 255, 255); text-align: justify;\">– Đối với các món đồ da nhỏ gọn như giày, túi xách, quần áo da: Không nên gấp đồ để lâu vì có thể tạo nên những vết gấp kém thẩm mỹ. Tốt hơn hết là bạn nên treo đồ trên móc áo để đảm bảo độ phẳng đẹp cho đồ đạc.</p><p style=\"margin-right: 0px; margin-bottom: 10px; margin-left: 0px; padding: 0px; color: rgb(68, 74, 89); font-family: VNFFutura; font-size: 15px; background-color: rgb(255, 255, 255); text-align: justify;\">– Hạn chế giặt giũ đồ da với nước quá nhiều lần. Không sử dụng hóa chất tẩy rửa bừa bãi có thể gây mất màu hoặc hư hỏng nổ da.</p><p style=\"margin-right: 0px; margin-bottom: 10px; margin-left: 0px; padding: 0px; color: rgb(68, 74, 89); font-family: VNFFutura; font-size: 15px; background-color: rgb(255, 255, 255); text-align: justify;\">– Không là đồ da, không để đồ tại nơi có nhiệt độ cao hoặc nơi nhận ánh sáng trực tiếp của mặt trời vì nó có thể làm đồ da dễ trở nên hư hỏng</p><p style=\"margin-right: 0px; margin-bottom: 10px; margin-left: 0px; padding: 0px; color: rgb(68, 74, 89); font-family: VNFFutura; font-size: 15px; background-color: rgb(255, 255, 255); text-align: justify;\">– Không để thú nuôi đùa nghịch cào xước da.</p><h2 style=\"margin: 20px 0px 10px; padding: 0px; font-family: VNFFutura; line-height: 1.1; color: rgb(68, 74, 89); font-size: 24px; background-color: rgb(255, 255, 255); text-align: justify;\"><span class=\"ez-toc-section\" id=\"Loi_ket\" style=\"margin: 0px; padding: 0px;\"></span><span style=\"margin: 0px; padding: 0px; font-weight: 700;\">Lời kết</span><span class=\"ez-toc-section-end\" style=\"margin: 0px; padding: 0px;\"></span></h2><p style=\"margin-right: 0px; margin-bottom: 10px; margin-left: 0px; padding: 0px; color: rgb(68, 74, 89); font-family: VNFFutura; font-size: 15px; background-color: rgb(255, 255, 255); text-align: justify;\">Hy vọng với những cách làm&nbsp;<a href=\"https://tamanh.net/xu-ly-vi-da-bi-xuoc.html\" style=\"margin: 0px; padding: 0px; background-image: initial; background-position: initial; background-size: initial; background-repeat: initial; background-attachment: initial; background-origin: initial; background-clip: initial; color: rgb(221, 186, 118);\">xử lý ví da bị xước</a>&nbsp;ngay tại nhà và những điều cần biết. Hãy dành thời gian để “chăm sóc” những chiếc túi da của bạn; để tiết kiệm được tiền bạc hơn nhé. Thực hiện đúng và đủ các hướng dẫn trên Tâm Anh hy vọng bạn sẽ giữ được chiếc túi da của mình luôn bền đẹp.</p>',33,'2021-04-21 17:15:10',NULL,NULL,NULL,1,17,'cach-xu-ly-vi-da-bi-xuoc-tai-nha-ep-nhu-moi-1619000109664');

DROP TABLE IF EXISTS `tbl_blog_comment`;
/*!40101 SET @saved_cs_client     = @@character_set_client */;
/*!50503 SET character_set_client = utf8mb4 */;
CREATE TABLE `tbl_blog_comment` (
  `id` int NOT NULL AUTO_INCREMENT,
  `user_id` int NOT NULL,
  `blog_id` int NOT NULL,
  `parent_comment_id` int NOT NULL,
  `comment` varchar(3000) CHARACTER SET utf8mb4 COLLATE utf8mb4_bin NOT NULL,
  `created_date` datetime DEFAULT NULL,
  `updated_date` datetime DEFAULT NULL,
  `created_by` int DEFAULT NULL,
  `updated_by` int DEFAULT NULL,
  `status` tinyint(1) DEFAULT '1',
  PRIMARY KEY (`id`),
  KEY `fk_user_id_idx` (`user_id`),
  KEY `fk_blog_id_idx` (`blog_id`),
  CONSTRAINT `fk_blog_id` FOREIGN KEY (`blog_id`) REFERENCES `tbl_blog` (`id`),
  CONSTRAINT `fk_user_id` FOREIGN KEY (`user_id`) REFERENCES `tbl_users` (`id`)
) ENGINE=InnoDB AUTO_INCREMENT=11 DEFAULT CHARSET=utf8mb4 COLLATE=utf8mb4_bin COMMENT='Bảng dữ liệu chứa thông tin comment trên bài viết';
/*!40101 SET character_set_client = @saved_cs_client */;

INSERT INTO `tbl_blog_comment` VALUES (3,8,6,0,'test','2021-04-20 00:02:40','2021-04-20 00:02:40',NULL,NULL,1),(4,8,6,0,'df','2021-04-20 00:03:26','2021-04-20 00:03:26',NULL,NULL,1),(5,8,13,0,'chat','2021-04-21 18:10:33','2021-04-21 18:10:33',NULL,NULL,0),(6,8,13,0,'bài viết hay','2021-04-21 18:13:44','2021-04-21 18:13:44',NULL,NULL,1),(7,8,13,0,'Bài viết rất chất lượng','2021-04-21 18:14:02','2021-04-21 18:14:02',NULL,NULL,1),(8,8,13,0,'Bài viết bổ ích','2021-04-21 18:14:16','2021-04-21 18:14:16',NULL,NULL,0),(9,8,12,0,'Da này màu đẹp quá!!','2021-04-21 18:22:37','2021-04-21 18:22:37',NULL,NULL,0),(10,8,12,0,'Lorem Ipsum is simply dummy text of the printing and typesetting industry. Lorem Ipsum has been the industry\'s standard dummy text ever since the 1500s, when an unknown printer took a galley of type and scrambled it to make a type specimen book.','2021-04-21 22:51:19','2021-04-21 22:51:19',NULL,NULL,0);

